--
-- PostgreSQL database dump
--

SET statement_timeout = 0;
SET lock_timeout = 0;
SET client_encoding = 'UTF8';
SET standard_conforming_strings = on;
SET check_function_bodies = false;
SET client_min_messages = warning;

--
-- Name: plpgsql; Type: EXTENSION; Schema: -; Owner: 
--

CREATE EXTENSION IF NOT EXISTS plpgsql WITH SCHEMA pg_catalog;


--
-- Name: EXTENSION plpgsql; Type: COMMENT; Schema: -; Owner: 
--

COMMENT ON EXTENSION plpgsql IS 'PL/pgSQL procedural language';


--
-- Name: hstore; Type: EXTENSION; Schema: -; Owner: 
--

CREATE EXTENSION IF NOT EXISTS hstore WITH SCHEMA public;


--
-- Name: EXTENSION hstore; Type: COMMENT; Schema: -; Owner: 
--

COMMENT ON EXTENSION hstore IS 'data type for storing sets of (key, value) pairs';


SET search_path = public, pg_catalog;

SET default_tablespace = '';

SET default_with_oids = false;

--
-- Name: articles_article; Type: TABLE; Schema: public; Owner: sashko; Tablespace: 
--

CREATE TABLE articles_article (
    id integer NOT NULL
);


ALTER TABLE public.articles_article OWNER TO sashko;

--
-- Name: articles_article_id_seq; Type: SEQUENCE; Schema: public; Owner: sashko
--

CREATE SEQUENCE articles_article_id_seq
    START WITH 1
    INCREMENT BY 1
    NO MINVALUE
    NO MAXVALUE
    CACHE 1;


ALTER TABLE public.articles_article_id_seq OWNER TO sashko;

--
-- Name: articles_article_id_seq; Type: SEQUENCE OWNED BY; Schema: public; Owner: sashko
--

ALTER SEQUENCE articles_article_id_seq OWNED BY articles_article.id;


--
-- Name: articles_attribute; Type: TABLE; Schema: public; Owner: sashko; Tablespace: 
--

CREATE TABLE articles_attribute (
    id integer NOT NULL,
    attribute_name character varying(200) NOT NULL,
    attribute_value character varying(200) NOT NULL,
    article_id integer NOT NULL
);


ALTER TABLE public.articles_attribute OWNER TO sashko;

--
-- Name: articles_attribute_id_seq; Type: SEQUENCE; Schema: public; Owner: sashko
--

CREATE SEQUENCE articles_attribute_id_seq
    START WITH 1
    INCREMENT BY 1
    NO MINVALUE
    NO MAXVALUE
    CACHE 1;


ALTER TABLE public.articles_attribute_id_seq OWNER TO sashko;

--
-- Name: articles_attribute_id_seq; Type: SEQUENCE OWNED BY; Schema: public; Owner: sashko
--

ALTER SEQUENCE articles_attribute_id_seq OWNED BY articles_attribute.id;


--
-- Name: articles_experiment; Type: TABLE; Schema: public; Owner: sashko; Tablespace: 
--

CREATE TABLE articles_experiment (
    id integer NOT NULL,
    data hstore NOT NULL
);


ALTER TABLE public.articles_experiment OWNER TO sashko;

--
-- Name: articles_experiment_id_seq; Type: SEQUENCE; Schema: public; Owner: sashko
--

CREATE SEQUENCE articles_experiment_id_seq
    START WITH 1
    INCREMENT BY 1
    NO MINVALUE
    NO MAXVALUE
    CACHE 1;


ALTER TABLE public.articles_experiment_id_seq OWNER TO sashko;

--
-- Name: articles_experiment_id_seq; Type: SEQUENCE OWNED BY; Schema: public; Owner: sashko
--

ALTER SEQUENCE articles_experiment_id_seq OWNED BY articles_experiment.id;


--
-- Name: articles_experiment_microarrays; Type: TABLE; Schema: public; Owner: sashko; Tablespace: 
--

CREATE TABLE articles_experiment_microarrays (
    id integer NOT NULL,
    experiment_id integer NOT NULL,
    microarray_id integer NOT NULL
);


ALTER TABLE public.articles_experiment_microarrays OWNER TO sashko;

--
-- Name: articles_experiment_microarrays_id_seq; Type: SEQUENCE; Schema: public; Owner: sashko
--

CREATE SEQUENCE articles_experiment_microarrays_id_seq
    START WITH 1
    INCREMENT BY 1
    NO MINVALUE
    NO MAXVALUE
    CACHE 1;


ALTER TABLE public.articles_experiment_microarrays_id_seq OWNER TO sashko;

--
-- Name: articles_experiment_microarrays_id_seq; Type: SEQUENCE OWNED BY; Schema: public; Owner: sashko
--

ALTER SEQUENCE articles_experiment_microarrays_id_seq OWNED BY articles_experiment_microarrays.id;


--
-- Name: articles_microarray; Type: TABLE; Schema: public; Owner: sashko; Tablespace: 
--

CREATE TABLE articles_microarray (
    id integer NOT NULL,
    data hstore NOT NULL
);


ALTER TABLE public.articles_microarray OWNER TO sashko;

--
-- Name: articles_microarray_id_seq; Type: SEQUENCE; Schema: public; Owner: sashko
--

CREATE SEQUENCE articles_microarray_id_seq
    START WITH 1
    INCREMENT BY 1
    NO MINVALUE
    NO MAXVALUE
    CACHE 1;


ALTER TABLE public.articles_microarray_id_seq OWNER TO sashko;

--
-- Name: articles_microarray_id_seq; Type: SEQUENCE OWNED BY; Schema: public; Owner: sashko
--

ALTER SEQUENCE articles_microarray_id_seq OWNED BY articles_microarray.id;


--
-- Name: articles_sample; Type: TABLE; Schema: public; Owner: sashko; Tablespace: 
--

CREATE TABLE articles_sample (
    id integer NOT NULL,
    data hstore NOT NULL,
    experiment_id integer NOT NULL
);


ALTER TABLE public.articles_sample OWNER TO sashko;

--
-- Name: articles_sample_id_seq; Type: SEQUENCE; Schema: public; Owner: sashko
--

CREATE SEQUENCE articles_sample_id_seq
    START WITH 1
    INCREMENT BY 1
    NO MINVALUE
    NO MAXVALUE
    CACHE 1;


ALTER TABLE public.articles_sample_id_seq OWNER TO sashko;

--
-- Name: articles_sample_id_seq; Type: SEQUENCE OWNED BY; Schema: public; Owner: sashko
--

ALTER SEQUENCE articles_sample_id_seq OWNED BY articles_sample.id;


--
-- Name: auth_group; Type: TABLE; Schema: public; Owner: sashko; Tablespace: 
--

CREATE TABLE auth_group (
    id integer NOT NULL,
    name character varying(80) NOT NULL
);


ALTER TABLE public.auth_group OWNER TO sashko;

--
-- Name: auth_group_id_seq; Type: SEQUENCE; Schema: public; Owner: sashko
--

CREATE SEQUENCE auth_group_id_seq
    START WITH 1
    INCREMENT BY 1
    NO MINVALUE
    NO MAXVALUE
    CACHE 1;


ALTER TABLE public.auth_group_id_seq OWNER TO sashko;

--
-- Name: auth_group_id_seq; Type: SEQUENCE OWNED BY; Schema: public; Owner: sashko
--

ALTER SEQUENCE auth_group_id_seq OWNED BY auth_group.id;


--
-- Name: auth_group_permissions; Type: TABLE; Schema: public; Owner: sashko; Tablespace: 
--

CREATE TABLE auth_group_permissions (
    id integer NOT NULL,
    group_id integer NOT NULL,
    permission_id integer NOT NULL
);


ALTER TABLE public.auth_group_permissions OWNER TO sashko;

--
-- Name: auth_group_permissions_id_seq; Type: SEQUENCE; Schema: public; Owner: sashko
--

CREATE SEQUENCE auth_group_permissions_id_seq
    START WITH 1
    INCREMENT BY 1
    NO MINVALUE
    NO MAXVALUE
    CACHE 1;


ALTER TABLE public.auth_group_permissions_id_seq OWNER TO sashko;

--
-- Name: auth_group_permissions_id_seq; Type: SEQUENCE OWNED BY; Schema: public; Owner: sashko
--

ALTER SEQUENCE auth_group_permissions_id_seq OWNED BY auth_group_permissions.id;


--
-- Name: auth_permission; Type: TABLE; Schema: public; Owner: sashko; Tablespace: 
--

CREATE TABLE auth_permission (
    id integer NOT NULL,
    name character varying(255) NOT NULL,
    content_type_id integer NOT NULL,
    codename character varying(100) NOT NULL
);


ALTER TABLE public.auth_permission OWNER TO sashko;

--
-- Name: auth_permission_id_seq; Type: SEQUENCE; Schema: public; Owner: sashko
--

CREATE SEQUENCE auth_permission_id_seq
    START WITH 1
    INCREMENT BY 1
    NO MINVALUE
    NO MAXVALUE
    CACHE 1;


ALTER TABLE public.auth_permission_id_seq OWNER TO sashko;

--
-- Name: auth_permission_id_seq; Type: SEQUENCE OWNED BY; Schema: public; Owner: sashko
--

ALTER SEQUENCE auth_permission_id_seq OWNED BY auth_permission.id;


--
-- Name: auth_user; Type: TABLE; Schema: public; Owner: sashko; Tablespace: 
--

CREATE TABLE auth_user (
    id integer NOT NULL,
    password character varying(128) NOT NULL,
    last_login timestamp with time zone,
    is_superuser boolean NOT NULL,
    username character varying(30) NOT NULL,
    first_name character varying(30) NOT NULL,
    last_name character varying(30) NOT NULL,
    email character varying(254) NOT NULL,
    is_staff boolean NOT NULL,
    is_active boolean NOT NULL,
    date_joined timestamp with time zone NOT NULL
);


ALTER TABLE public.auth_user OWNER TO sashko;

--
-- Name: auth_user_groups; Type: TABLE; Schema: public; Owner: sashko; Tablespace: 
--

CREATE TABLE auth_user_groups (
    id integer NOT NULL,
    user_id integer NOT NULL,
    group_id integer NOT NULL
);


ALTER TABLE public.auth_user_groups OWNER TO sashko;

--
-- Name: auth_user_groups_id_seq; Type: SEQUENCE; Schema: public; Owner: sashko
--

CREATE SEQUENCE auth_user_groups_id_seq
    START WITH 1
    INCREMENT BY 1
    NO MINVALUE
    NO MAXVALUE
    CACHE 1;


ALTER TABLE public.auth_user_groups_id_seq OWNER TO sashko;

--
-- Name: auth_user_groups_id_seq; Type: SEQUENCE OWNED BY; Schema: public; Owner: sashko
--

ALTER SEQUENCE auth_user_groups_id_seq OWNED BY auth_user_groups.id;


--
-- Name: auth_user_id_seq; Type: SEQUENCE; Schema: public; Owner: sashko
--

CREATE SEQUENCE auth_user_id_seq
    START WITH 1
    INCREMENT BY 1
    NO MINVALUE
    NO MAXVALUE
    CACHE 1;


ALTER TABLE public.auth_user_id_seq OWNER TO sashko;

--
-- Name: auth_user_id_seq; Type: SEQUENCE OWNED BY; Schema: public; Owner: sashko
--

ALTER SEQUENCE auth_user_id_seq OWNED BY auth_user.id;


--
-- Name: auth_user_user_permissions; Type: TABLE; Schema: public; Owner: sashko; Tablespace: 
--

CREATE TABLE auth_user_user_permissions (
    id integer NOT NULL,
    user_id integer NOT NULL,
    permission_id integer NOT NULL
);


ALTER TABLE public.auth_user_user_permissions OWNER TO sashko;

--
-- Name: auth_user_user_permissions_id_seq; Type: SEQUENCE; Schema: public; Owner: sashko
--

CREATE SEQUENCE auth_user_user_permissions_id_seq
    START WITH 1
    INCREMENT BY 1
    NO MINVALUE
    NO MAXVALUE
    CACHE 1;


ALTER TABLE public.auth_user_user_permissions_id_seq OWNER TO sashko;

--
-- Name: auth_user_user_permissions_id_seq; Type: SEQUENCE OWNED BY; Schema: public; Owner: sashko
--

ALTER SEQUENCE auth_user_user_permissions_id_seq OWNED BY auth_user_user_permissions.id;


--
-- Name: django_admin_log; Type: TABLE; Schema: public; Owner: sashko; Tablespace: 
--

CREATE TABLE django_admin_log (
    id integer NOT NULL,
    action_time timestamp with time zone NOT NULL,
    object_id text,
    object_repr character varying(200) NOT NULL,
    action_flag smallint NOT NULL,
    change_message text NOT NULL,
    content_type_id integer,
    user_id integer NOT NULL,
    CONSTRAINT django_admin_log_action_flag_check CHECK ((action_flag >= 0))
);


ALTER TABLE public.django_admin_log OWNER TO sashko;

--
-- Name: django_admin_log_id_seq; Type: SEQUENCE; Schema: public; Owner: sashko
--

CREATE SEQUENCE django_admin_log_id_seq
    START WITH 1
    INCREMENT BY 1
    NO MINVALUE
    NO MAXVALUE
    CACHE 1;


ALTER TABLE public.django_admin_log_id_seq OWNER TO sashko;

--
-- Name: django_admin_log_id_seq; Type: SEQUENCE OWNED BY; Schema: public; Owner: sashko
--

ALTER SEQUENCE django_admin_log_id_seq OWNED BY django_admin_log.id;


--
-- Name: django_content_type; Type: TABLE; Schema: public; Owner: sashko; Tablespace: 
--

CREATE TABLE django_content_type (
    id integer NOT NULL,
    app_label character varying(100) NOT NULL,
    model character varying(100) NOT NULL
);


ALTER TABLE public.django_content_type OWNER TO sashko;

--
-- Name: django_content_type_id_seq; Type: SEQUENCE; Schema: public; Owner: sashko
--

CREATE SEQUENCE django_content_type_id_seq
    START WITH 1
    INCREMENT BY 1
    NO MINVALUE
    NO MAXVALUE
    CACHE 1;


ALTER TABLE public.django_content_type_id_seq OWNER TO sashko;

--
-- Name: django_content_type_id_seq; Type: SEQUENCE OWNED BY; Schema: public; Owner: sashko
--

ALTER SEQUENCE django_content_type_id_seq OWNED BY django_content_type.id;


--
-- Name: django_migrations; Type: TABLE; Schema: public; Owner: sashko; Tablespace: 
--

CREATE TABLE django_migrations (
    id integer NOT NULL,
    app character varying(255) NOT NULL,
    name character varying(255) NOT NULL,
    applied timestamp with time zone NOT NULL
);


ALTER TABLE public.django_migrations OWNER TO sashko;

--
-- Name: django_migrations_id_seq; Type: SEQUENCE; Schema: public; Owner: sashko
--

CREATE SEQUENCE django_migrations_id_seq
    START WITH 1
    INCREMENT BY 1
    NO MINVALUE
    NO MAXVALUE
    CACHE 1;


ALTER TABLE public.django_migrations_id_seq OWNER TO sashko;

--
-- Name: django_migrations_id_seq; Type: SEQUENCE OWNED BY; Schema: public; Owner: sashko
--

ALTER SEQUENCE django_migrations_id_seq OWNED BY django_migrations.id;


--
-- Name: django_session; Type: TABLE; Schema: public; Owner: sashko; Tablespace: 
--

CREATE TABLE django_session (
    session_key character varying(40) NOT NULL,
    session_data text NOT NULL,
    expire_date timestamp with time zone NOT NULL
);


ALTER TABLE public.django_session OWNER TO sashko;

--
-- Name: id; Type: DEFAULT; Schema: public; Owner: sashko
--

ALTER TABLE ONLY articles_article ALTER COLUMN id SET DEFAULT nextval('articles_article_id_seq'::regclass);


--
-- Name: id; Type: DEFAULT; Schema: public; Owner: sashko
--

ALTER TABLE ONLY articles_attribute ALTER COLUMN id SET DEFAULT nextval('articles_attribute_id_seq'::regclass);


--
-- Name: id; Type: DEFAULT; Schema: public; Owner: sashko
--

ALTER TABLE ONLY articles_experiment ALTER COLUMN id SET DEFAULT nextval('articles_experiment_id_seq'::regclass);


--
-- Name: id; Type: DEFAULT; Schema: public; Owner: sashko
--

ALTER TABLE ONLY articles_experiment_microarrays ALTER COLUMN id SET DEFAULT nextval('articles_experiment_microarrays_id_seq'::regclass);


--
-- Name: id; Type: DEFAULT; Schema: public; Owner: sashko
--

ALTER TABLE ONLY articles_microarray ALTER COLUMN id SET DEFAULT nextval('articles_microarray_id_seq'::regclass);


--
-- Name: id; Type: DEFAULT; Schema: public; Owner: sashko
--

ALTER TABLE ONLY articles_sample ALTER COLUMN id SET DEFAULT nextval('articles_sample_id_seq'::regclass);


--
-- Name: id; Type: DEFAULT; Schema: public; Owner: sashko
--

ALTER TABLE ONLY auth_group ALTER COLUMN id SET DEFAULT nextval('auth_group_id_seq'::regclass);


--
-- Name: id; Type: DEFAULT; Schema: public; Owner: sashko
--

ALTER TABLE ONLY auth_group_permissions ALTER COLUMN id SET DEFAULT nextval('auth_group_permissions_id_seq'::regclass);


--
-- Name: id; Type: DEFAULT; Schema: public; Owner: sashko
--

ALTER TABLE ONLY auth_permission ALTER COLUMN id SET DEFAULT nextval('auth_permission_id_seq'::regclass);


--
-- Name: id; Type: DEFAULT; Schema: public; Owner: sashko
--

ALTER TABLE ONLY auth_user ALTER COLUMN id SET DEFAULT nextval('auth_user_id_seq'::regclass);


--
-- Name: id; Type: DEFAULT; Schema: public; Owner: sashko
--

ALTER TABLE ONLY auth_user_groups ALTER COLUMN id SET DEFAULT nextval('auth_user_groups_id_seq'::regclass);


--
-- Name: id; Type: DEFAULT; Schema: public; Owner: sashko
--

ALTER TABLE ONLY auth_user_user_permissions ALTER COLUMN id SET DEFAULT nextval('auth_user_user_permissions_id_seq'::regclass);


--
-- Name: id; Type: DEFAULT; Schema: public; Owner: sashko
--

ALTER TABLE ONLY django_admin_log ALTER COLUMN id SET DEFAULT nextval('django_admin_log_id_seq'::regclass);


--
-- Name: id; Type: DEFAULT; Schema: public; Owner: sashko
--

ALTER TABLE ONLY django_content_type ALTER COLUMN id SET DEFAULT nextval('django_content_type_id_seq'::regclass);


--
-- Name: id; Type: DEFAULT; Schema: public; Owner: sashko
--

ALTER TABLE ONLY django_migrations ALTER COLUMN id SET DEFAULT nextval('django_migrations_id_seq'::regclass);


--
-- Data for Name: articles_article; Type: TABLE DATA; Schema: public; Owner: sashko
--

COPY articles_article (id) FROM stdin;
\.


--
-- Name: articles_article_id_seq; Type: SEQUENCE SET; Schema: public; Owner: sashko
--

SELECT pg_catalog.setval('articles_article_id_seq', 1, false);


--
-- Data for Name: articles_attribute; Type: TABLE DATA; Schema: public; Owner: sashko
--

COPY articles_attribute (id, attribute_name, attribute_value, article_id) FROM stdin;
\.


--
-- Name: articles_attribute_id_seq; Type: SEQUENCE SET; Schema: public; Owner: sashko
--

SELECT pg_catalog.setval('articles_attribute_id_seq', 1, false);


--
-- Data for Name: articles_experiment; Type: TABLE DATA; Schema: public; Owner: sashko
--

COPY articles_experiment (id, data) FROM stdin;
36	"id"=>"529822", "name"=>"Epigenetics and Preeclampsia: Defining Functional Epimutations in the Preeclamptic Placenta Related to the TGF-β Pathway", "assays"=>"72", "samples"=>"72", "species"=>"Homo sapiens", "organism"=>"Homo sapiens", "accession"=>"E-GEOD-73377", "releasedate"=>"2015-09-24", "experimenttype"=>"methylation profiling by array", "lastupdatedate"=>"2015-09-25", "secondaryaccession"=>"GSE73377"
37	"id"=>"529820", "name"=>"Epigenetics and Preeclampsia: Defining Functional Epimutations in the Preeclamptic Placenta Related to the TGF-β Pathway [methylation]", "assays"=>"36", "samples"=>"36", "species"=>"Homo sapiens", "organism"=>"Homo sapiens", "accession"=>"E-GEOD-73375", "releasedate"=>"2015-09-24", "experimenttype"=>"methylation profiling by array", "lastupdatedate"=>"2015-09-25", "secondaryaccession"=>"GSE73375"
38	"id"=>"529821", "name"=>"Epigenetics and Preeclampsia: Defining Functional Epimutations in the Preeclamptic Placenta Related to the TGF-β Pathway [gene expression]", "assays"=>"36", "samples"=>"36", "species"=>"Homo sapiens", "organism"=>"Homo sapiens", "accession"=>"E-GEOD-73374", "releasedate"=>"2015-09-24", "experimenttype"=>"transcription profiling by array", "lastupdatedate"=>"2015-09-25", "secondaryaccession"=>"GSE73374"
39	"id"=>"526569", "name"=>"Transcriptome profiling of deciduas from pre-eclamptic and normotensive pregnancies", "assays"=>"125", "samples"=>"125", "species"=>"Homo sapiens", "organism"=>"Homo sapiens", "accession"=>"E-GEOD-60438", "releasedate"=>"2015-08-05", "experimenttype"=>"transcription profiling by array", "lastupdatedate"=>"2015-08-19", "secondaryaccession"=>"GSE60438"
40	"id"=>"517862", "name"=>"Transcription profiling by array of placental vilous tissues from women with high or low risks of developing placental complications during pregnancy", "assays"=>"22", "samples"=>"22", "species"=>"Homo sapiens", "organism"=>"Homo sapiens", "accession"=>"E-MTAB-3265", "releasedate"=>"2015-07-22", "experimenttype"=>"transcription profiling by array", "lastupdatedate"=>"2015-01-23", "submissiondate"=>"2010-04-19", "experimentdesign"=>"clinical history design"
41	"id"=>"519113", "name"=>"Long term exposure of HUVEC to plasma from preeclamptic versus normal pregnancies", "assays"=>"4", "samples"=>"4", "species"=>"Homo sapiens", "organism"=>"Homo sapiens", "accession"=>"E-MTAB-3348", "releasedate"=>"2015-06-29", "experimenttype"=>"transcription profiling by array", "lastupdatedate"=>"2015-02-23", "submissiondate"=>"2012-03-22", "experimentdesign"=>"case control design"
42	"id"=>"518672", "name"=>"Transcription profiling of human blood monocyte-derived macrophages that were non- or IL-4-activated and treated with small interfering RNA against CD74 (siRNA CD74) or non-targeting siRNA (siRNA non-targeting)", "assays"=>"24", "samples"=>"24", "species"=>"Homo sapiens", "organism"=>"Homo sapiens", "accession"=>"E-MTAB-3309", "releasedate"=>"2015-04-29", "experimenttype"=>"transcription profiling by array", "lastupdatedate"=>"2015-02-11", "submissiondate"=>"2013-11-27", "experimentdesign"=>"genotype design"
43	"id"=>"507591", "name"=>"Transcriptome analysis of human umbilical cord fibroblasts from babies whose mother experienced preeclampsia", "assays"=>"47", "samples"=>"47", "species"=>"Homo sapiens", "organism"=>"Homo sapiens", "accession"=>"E-GEOD-54400", "releasedate"=>"2014-08-31", "experimenttype"=>"transcription profiling by array", "lastupdatedate"=>"2014-10-06", "secondaryaccession"=>"GSE54400"
44	"id"=>"470399", "name"=>"Comprehensive Analysis of Preeclampsia-Associated DNA Methylation in the Placenta", "assays"=>"48", "samples"=>"48", "species"=>"Homo sapiens", "organism"=>"Homo sapiens", "accession"=>"E-GEOD-59274", "releasedate"=>"2014-07-12", "experimenttype"=>"methylation profiling by array", "lastupdatedate"=>"2014-07-14", "secondaryaccession"=>"GSE59274"
45	"id"=>"444302", "name"=>"Epigenome analysis of normal and preeclamptic placenta samples", "assays"=>"45", "samples"=>"45", "species"=>"Homo sapiens", "organism"=>"Homo sapiens", "accession"=>"E-GEOD-57767", "releasedate"=>"2014-05-20", "experimenttype"=>"methylation profiling by array", "lastupdatedate"=>"2014-05-25", "secondaryaccession"=>"GSE57767"
46	"id"=>"443293", "name"=>"Severe preeclampsia: new blood circulating biomarkers", "assays"=>"36", "samples"=>"36", "species"=>"Homo sapiens", "organism"=>"Homo sapiens", "accession"=>"E-GEOD-48424", "releasedate"=>"2014-05-14", "experimenttype"=>"transcription profiling by array", "lastupdatedate"=>"2014-06-03", "secondaryaccession"=>"GSE48424"
47	"id"=>"436278", "name"=>"miRNA Profile in Normal and Preeclamptic Placenta", "assays"=>"10", "samples"=>"10", "species"=>"Homo sapiens", "organism"=>"Homo sapiens", "accession"=>"E-GEOD-57050", "releasedate"=>"2014-04-25", "experimenttype"=>"transcription profiling by array", "lastupdatedate"=>"2014-06-03", "secondaryaccession"=>"GSE57050"
48	"id"=>"419265", "name"=>"Microarray analysis of human pre-eclamptic placenta", "assays"=>"24", "samples"=>"24", "species"=>"Homo sapiens", "organism"=>"Homo sapiens", "accession"=>"E-GEOD-54618", "releasedate"=>"2014-04-01", "experimenttype"=>"transcription profiling by array", "lastupdatedate"=>"2014-06-03", "secondaryaccession"=>"GSE54618"
49	"id"=>"394397", "name"=>"Overlapping DNA methylation profile between placentas with trisomy 16 and early-onset preeclampsia", "assays"=>"30", "samples"=>"30", "species"=>"Homo sapiens", "organism"=>"Homo sapiens", "accession"=>"E-GEOD-49343", "releasedate"=>"2014-01-15", "experimenttype"=>"methylation profiling by array", "lastupdatedate"=>"2014-01-26", "secondaryaccession"=>"GSE49343"
50	"id"=>"390321", "name"=>"Regulatory role of multinucleated giant cells derived from placental CD14+ macrophages: Pathophysiological implications", "assays"=>"12", "samples"=>"12", "species"=>"Homo sapiens", "organism"=>"Homo sapiens", "accession"=>"E-GEOD-38747", "releasedate"=>"2014-01-07", "experimenttype"=>"transcription profiling by array", "lastupdatedate"=>"2014-06-02", "secondaryaccession"=>"GSE38747"
51	"id"=>"350262", "name"=>"Analysis of differentially expressed genes in placental tissues of Pre-eclampsia Using microarray combined with Connectivity Map database", "assays"=>"5", "samples"=>"10", "species"=>"Homo sapiens", "organism"=>"Homo sapiens", "accession"=>"E-GEOD-47187", "releasedate"=>"2013-10-01", "experimenttype"=>"transcription profiling by array", "lastupdatedate"=>"2014-06-03", "secondaryaccession"=>"GSE47187"
35	"id"=>"531095", "name"=>"Gene expression profiling reveal different molecular pattern in G-protein coupled receptor protein signaling pathway between early- and late-onset preeclampsia", "assays"=>"25", "samples"=>"50", "species"=>"Homo sapiens", "organism"=>"Homo sapiens", "accession"=>"E-GEOD-74341", "releasedate"=>"2015-10-27", "experimenttype"=>"transcription profiling by array", "lastupdatedate"=>"2015-11-24", "secondaryaccession"=>"GSE74341"
53	"id"=>"320283", "name"=>"Influence of plasma from normal and preeclamptic women on HUVEC cells", "assays"=>"4", "samples"=>"4", "species"=>"Homo sapiens", "organism"=>"Homo sapiens", "accession"=>"E-GEOD-41681", "releasedate"=>"2013-06-30", "experimenttype"=>"transcription profiling by array", "lastupdatedate"=>"2014-06-02", "secondaryaccession"=>"GSE41681"
54	"id"=>"317330", "name"=>"Early-Onset Preeclampsia Placentas and Controls", "assays"=>"56", "samples"=>"56", "species"=>"Homo sapiens", "organism"=>"Homo sapiens", "accession"=>"E-GEOD-44712", "releasedate"=>"2013-06-21", "experimenttype"=>"methylation profiling by array", "lastupdatedate"=>"2014-05-03", "secondaryaccession"=>"GSE44712"
55	"id"=>"317327", "name"=>"Gene expression in Early-Onset Preeclampsia Placentas and Controls", "assays"=>"16", "samples"=>"16", "species"=>"Homo sapiens", "organism"=>"Homo sapiens", "accession"=>"E-GEOD-44711", "releasedate"=>"2013-06-21", "experimenttype"=>"transcription profiling by array", "lastupdatedate"=>"2014-06-02", "secondaryaccession"=>"GSE44711"
56	"id"=>"317332", "name"=>"DNA methylation in Early Onset Preeclamptic placentas", "assays"=>"40", "samples"=>"40", "species"=>"Homo sapiens", "organism"=>"Homo sapiens", "accession"=>"E-GEOD-44667", "releasedate"=>"2013-06-21", "experimenttype"=>"methylation profiling by array", "lastupdatedate"=>"2013-07-01", "secondaryaccession"=>"GSE44667"
57	"id"=>"415380", "name"=>"Gene expression profiling for placentas from pre-eclamptic and normal pregnancies", "assays"=>"12", "samples"=>"12", "species"=>"Homo sapiens", "organism"=>"Homo sapiens", "accession"=>"E-GEOD-43942", "releasedate"=>"2013-02-01", "experimenttype"=>"transcription profiling by array", "lastupdatedate"=>"2014-04-03", "secondaryaccession"=>"GSE43942"
58	"id"=>"270285", "name"=>"Cultured Cyto and Syncytio-trophoblast samples exposed to varying degrees of hypoxia (methylation)", "assays"=>"90", "samples"=>"90", "species"=>"Homo sapiens", "organism"=>"Homo sapiens", "accession"=>"E-GEOD-41336", "releasedate"=>"2013-01-18", "experimenttype"=>"methylation profiling by array", "lastupdatedate"=>"2013-01-28", "secondaryaccession"=>"GSE41336"
59	"id"=>"270284", "name"=>"Cultured Cyto and Syncytio-trophoblast samples exposed to varying degrees of hypoxia (expression)", "assays"=>"15", "samples"=>"15", "species"=>"Homo sapiens", "organism"=>"Homo sapiens", "accession"=>"E-GEOD-41331", "releasedate"=>"2013-01-18", "experimenttype"=>"transcription profiling by array", "lastupdatedate"=>"2014-06-02", "secondaryaccession"=>"GSE41331"
60	"id"=>"239614", "name"=>"Preeclampsia: the in vivo milieu leads to cytotrophoblast dysregulation", "assays"=>"39", "samples"=>"39", "species"=>"Homo sapiens", "organism"=>"Homo sapiens", "accession"=>"E-GEOD-40182", "releasedate"=>"2012-08-17", "experimenttype"=>"transcription profiling by array", "lastupdatedate"=>"2012-09-26", "secondaryaccession"=>"GSE40182"
61	"id"=>"206303", "name"=>"Mid-gestational gene expression profile in placenta and link to pregnancy complications", "assays"=>"4", "samples"=>"4", "species"=>"Homo sapiens", "organism"=>"Homo sapiens", "accession"=>"E-GEOD-37901", "releasedate"=>"2012-05-10", "experimenttype"=>"transcription profiling by array", "lastupdatedate"=>"2012-05-21", "secondaryaccession"=>"GSE37901"
62	"id"=>"186650", "name"=>"Transcriptomic Analysis of Placenta Affected by Antiphospholipid Antibodies: Following the TRAIL of trophoblast death", "assays"=>"6", "samples"=>"6", "species"=>"Homo sapiens", "organism"=>"Homo sapiens", "accession"=>"E-GEOD-36083", "releasedate"=>"2012-02-27", "experimenttype"=>"transcription profiling by array", "lastupdatedate"=>"2012-03-06", "secondaryaccession"=>"GSE36083"
63	"id"=>"180545", "name"=>"Differentially expressed microRNAs revealed by molecular signatures of Preeclampsia and IUGR in human placenta", "assays"=>"94", "samples"=>"94", "species"=>"Homo sapiens", "organism"=>"Homo sapiens", "accession"=>"E-GEOD-35574", "releasedate"=>"2012-02-07", "experimenttype"=>"transcription profiling by array", "lastupdatedate"=>"2012-02-15", "secondaryaccession"=>"GSE35574"
64	"id"=>"159304", "name"=>"A Comparative Analysis of the Transcriptome of Hypoxia and Inflammation in Swan 71 Human Trophophoblast Cells: Its Implications in Preeclampsia", "assays"=>"39", "samples"=>"39", "species"=>"Homo sapiens", "organism"=>"Homo sapiens", "accession"=>"E-GEOD-31679", "releasedate"=>"2011-11-15", "experimenttype"=>"transcription profiling by array", "lastupdatedate"=>"2011-11-21", "secondaryaccession"=>"GSE31679"
65	"id"=>"88752", "name"=>"Genome-wide analysis of gene expression in placentas derived from patients with preeclampsia", "assays"=>"12", "samples"=>"12", "species"=>"Homo sapiens", "organism"=>"Homo sapiens", "accession"=>"E-GEOD-30186", "releasedate"=>"2011-06-24", "experimenttype"=>"transcription profiling by array", "lastupdatedate"=>"2011-07-08", "secondaryaccession"=>"GSE30186"
66	"id"=>"68272", "name"=>"Differential expression of microRNAs in the placentae of Chinese patients with severe pre-eclampsia", "assays"=>"8", "samples"=>"16", "species"=>"Homo sapiens", "organism"=>"Homo sapiens", "accession"=>"E-GEOD-15789", "releasedate"=>"2011-04-14", "experimenttype"=>"transcription profiling by array", "lastupdatedate"=>"2014-05-03", "secondaryaccession"=>"GSE15789"
67	"id"=>"68269", "name"=>"Latexin is downregulated in human upper digestive track tumors and exhibits tumor suppressor potential", "assays"=>"9", "samples"=>"18", "species"=>"Homo sapiens", "organism"=>"Homo sapiens", "accession"=>"E-GEOD-15787", "releasedate"=>"2011-04-14", "experimenttype"=>"transcription profiling by array", "lastupdatedate"=>"2014-05-03", "secondaryaccession"=>"GSE15787"
68	"id"=>"55318", "name"=>"Gene expression profiling of placenta from women with early- and late-onset preeclampsia reveals differences in angiogenesis", "assays"=>"15", "samples"=>"30", "species"=>"Homo sapiens", "organism"=>"Homo sapiens", "accession"=>"E-GEOD-22526", "releasedate"=>"2011-02-28", "experimenttype"=>"transcription profiling by array", "lastupdatedate"=>"2014-05-01", "secondaryaccession"=>"GSE22526"
52	"id"=>"344336", "name"=>"LncRNAs Expression in Preeclampsia Placenta Reveals the Potential Role of LncRNAs Contributing to Preeclampsia Pathogenesis", "assays"=>"11", "samples"=>"11", "species"=>"Homo sapiens", "organism"=>"Homo sapiens", "accession"=>"E-GEOD-50783", "releasedate"=>"2013-09-12", "experimenttype"=>"transcription profiling by array", "lastupdatedate"=>"2014-05-13", "secondaryaccession"=>"GSE50783"
69	"id"=>"37611", "name"=>"Gene expression profiling for placentas from pre-eclamptic, unexplained FGR and normal pregnancies", "assays"=>"24", "samples"=>"24", "species"=>"Homo sapiens", "organism"=>"Homo sapiens", "accession"=>"E-GEOD-24129", "releasedate"=>"2010-09-15", "experimenttype"=>"transcription profiling by array", "lastupdatedate"=>"2011-06-10", "secondaryaccession"=>"GSE24129"
70	"id"=>"536", "name"=>"Placental gene expression in severe preeclampsia", "assays"=>"43", "samples"=>"43", "species"=>"Homo sapiens", "organism"=>"Homo sapiens", "accession"=>"E-GEOD-10588", "releasedate"=>"2010-05-26", "experimenttype"=>"transcription profiling by array", "lastupdatedate"=>"2014-05-02", "submissiondate"=>"2008-02-20", "secondaryaccession"=>"GSE10588"
71	"id"=>"3759", "name"=>"Transcription profiling of mouse placental labyrinth and human villus tree", "assays"=>"4", "samples"=>"4", "species"=>"Mus musculus", "organism"=>"Mus musculus", "accession"=>"E-GEOD-13155", "releasedate"=>"2009-06-22", "experimenttype"=>"transcription profiling by array", "lastupdatedate"=>"2011-06-10", "submissiondate"=>"2008-10-10", "experimentdesign"=>"unknown experiment type", "secondaryaccession"=>"GSE13155"
72	"id"=>"32244", "name"=>"Transcription profiling of human decidua basalis to identify pre-eclampsia susceptibility genes", "assays"=>"104", "samples"=>"104", "species"=>"Homo sapiens", "organism"=>"Homo sapiens", "accession"=>"E-TABM-682", "releasedate"=>"2009-04-07", "experimenttype"=>"transcription profiling by array", "lastupdatedate"=>"2014-05-02", "submissiondate"=>"2009-01-04", "experimentdesign"=>"disease state"
73	"id"=>"60575", "name"=>"Severe Preeclampsia-Related Changes in Gene Expression at the Maternal-Fetal Interface Include Siglec-6 and Pappalysin-2", "assays"=>"46", "samples"=>"46", "species"=>"Homo sapiens", "organism"=>"Homo sapiens", "accession"=>"E-GEOD-14722", "releasedate"=>"2009-02-06", "experimenttype"=>"transcription profiling by array", "lastupdatedate"=>"2012-03-27", "secondaryaccession"=>"GSE14722"
74	"id"=>"330258", "name"=>"Transcription profiling by array of human placenta from patients with preeclampsia", "assays"=>"12", "samples"=>"12", "species"=>"Homo sapiens", "organism"=>"Homo sapiens", "accession"=>"E-GEOD-12767", "releasedate"=>"2008-11-29", "experimenttype"=>"transcription profiling by array", "lastupdatedate"=>"2013-08-15", "experimentdesign"=>"disease state design", "secondaryaccession"=>"GSE12767"
75	"id"=>"3951", "name"=>"Transcription profiling of human choriocarcinoma cells overexpressing STOX1 mimicks transcriptional alterations observed in preeclamptic placentas", "assays"=>"2", "samples"=>"2", "species"=>"Homo sapiens", "organism"=>"Homo sapiens", "accession"=>"E-GEOD-13475", "releasedate"=>"2008-11-14", "experimenttype"=>"transcription profiling by array", "lastupdatedate"=>"2011-06-10", "submissiondate"=>"2008-11-05", "experimentdesign"=>"unknown experiment type", "secondaryaccession"=>"GSE13475"
76	"id"=>"3247", "name"=>"Gene expression profiling indicates inflammatory pathways involved in IUGR due to placental insufficiency", "assays"=>"16", "samples"=>"16", "species"=>"Homo sapiens", "organism"=>"Homo sapiens", "accession"=>"E-GEOD-12216", "releasedate"=>"2008-08-01", "experimenttype"=>"transcription profiling by array", "lastupdatedate"=>"2012-03-27", "submissiondate"=>"2008-07-22", "secondaryaccession"=>"GSE12216"
77	"id"=>"27266", "name"=>"Transcription profiling of human placentae of different gestational ages: an opru network and uw scor study", "assays"=>"12", "samples"=>"12", "species"=>"Homo sapiens", "organism"=>"Homo sapiens", "accession"=>"E-GEOD-9984", "releasedate"=>"2008-06-17", "experimenttype"=>"transcription profiling by array", "lastupdatedate"=>"2011-06-10", "submissiondate"=>"2007-12-19", "experimentdesign"=>"unknown experiment type", "secondaryaccession"=>"GSE9984"
78	"id"=>"87337", "name"=>"Transcription profiling of human adipose tissue, decidua and placenta from patients with preeclampsia vs. unaffected indviduals reveals dysregulation of the circulating and tissue-based renin-angiotensin system in preeclampsia", "assays"=>"6", "samples"=>"6", "species"=>"Homo sapiens", "organism"=>"Homo sapiens", "accession"=>"E-GEOD-6573", "releasedate"=>"2008-06-14", "experimenttype"=>"transcription profiling by array", "lastupdatedate"=>"2012-03-27", "experimentdesign"=>"unknown experiment type", "secondaryaccession"=>"GSE6573"
79	"id"=>"21314", "name"=>"Transcription profiling of human trophoblast cell cultures", "assays"=>"2", "samples"=>"2", "species"=>"Homo sapiens", "organism"=>"Homo sapiens", "accession"=>"E-GEOD-4100", "releasedate"=>"2008-06-12", "experimenttype"=>"transcription profiling by array", "lastupdatedate"=>"2011-06-10", "submissiondate"=>"2006-01-25", "experimentdesign"=>"unknown experiment type", "secondaryaccession"=>"GSE4100"
80	"id"=>"21650", "name"=>"Transcription profiling of placenta from women who underwent a normal pregnancy and from those suffering from early or late onset pre-eclampsia", "assays"=>"14", "samples"=>"28", "species"=>"Homo sapiens", "organism"=>"Homo sapiens", "accession"=>"E-GEOD-4707", "releasedate"=>"2008-05-07", "experimenttype"=>"transcription profiling by array", "lastupdatedate"=>"2014-05-03", "submissiondate"=>"2006-04-24", "experimentdesign"=>"disease state", "secondaryaccession"=>"GDS2080"
81	"id"=>"27481", "name"=>"Transcription profiling of decidua basalis from women with normal pregnancies or preeclampsia and/or fetal growth restriction", "assays"=>"35", "samples"=>"35", "species"=>"Homo sapiens", "organism"=>"Homo sapiens", "accession"=>"E-MEXP-1050", "releasedate"=>"2007-08-31", "experimenttype"=>"transcription profiling by array", "lastupdatedate"=>"2014-05-02", "submissiondate"=>"2007-04-11", "experimentdesign"=>"disease state"
82	"id"=>"37538", "name"=>"Gene expression profiles of trophoblast cell lines", "note"=>"NOT PREECLAMPSIA", "assays"=>"13", "samples"=>"13", "species"=>"Homo sapiens", "organism"=>"Homo sapiens", "accession"=>"E-GEOD-20510", "releasedate"=>"2010-09-23", "experimenttype"=>"transcription profiling by array", "lastupdatedate"=>"2012-03-27", "secondaryaccession"=>"GSE20510"
83	"id"=>"88539", "name"=>"Sharkey trophoblast", "note"=>"NOT PREECLAMPSIA", "assays"=>"12", "samples"=>"12", "species"=>"Homo sapiens", "organism"=>"Homo sapiens", "accession"=>"E-MTAB-429", "releasedate"=>"2011-04-28", "experimenttype"=>"transcription profiling by array", "lastupdatedate"=>"2014-05-03", "experimentdesign"=>"strain or line"
\.


--
-- Name: articles_experiment_id_seq; Type: SEQUENCE SET; Schema: public; Owner: sashko
--

SELECT pg_catalog.setval('articles_experiment_id_seq', 83, true);


--
-- Data for Name: articles_experiment_microarrays; Type: TABLE DATA; Schema: public; Owner: sashko
--

COPY articles_experiment_microarrays (id, experiment_id, microarray_id) FROM stdin;
39	35	1
40	36	2
41	36	3
42	37	2
43	38	3
44	39	4
45	39	5
46	40	6
47	41	7
48	42	8
49	43	4
50	44	9
51	45	2
52	46	10
53	47	11
54	48	4
55	49	2
56	50	10
57	51	12
58	52	13
59	53	12
60	54	2
61	54	4
62	55	4
63	56	2
64	57	14
65	58	2
66	59	4
67	60	15
68	61	15
69	62	15
70	63	16
71	64	6
72	65	17
73	66	18
74	67	19
75	67	18
76	68	20
77	69	21
78	70	22
79	71	23
80	71	15
81	72	16
82	73	24
83	73	25
84	74	15
85	75	15
86	76	22
87	77	15
88	78	15
89	79	15
90	80	26
91	81	27
92	82	24
94	83	6
\.


--
-- Name: articles_experiment_microarrays_id_seq; Type: SEQUENCE SET; Schema: public; Owner: sashko
--

SELECT pg_catalog.setval('articles_experiment_microarrays_id_seq', 94, true);


--
-- Data for Name: articles_microarray; Type: TABLE DATA; Schema: public; Owner: sashko
--

COPY articles_microarray (id, data) FROM stdin;
1	"id"=>"24553", "name"=>"Agilent-039494 SurePrint G3 Human GE v2 8x60K Microarray 039381", "count"=>"25", "accession"=>"A-GEOD-16699"
13	"id"=>"20944", "name"=>"Arraystar Human LncRNA microarray V2.0 (Agilent_033010 Probe Name version)", "count"=>"11", "accession"=>"A-GEOD-15314"
12	"id"=>"18943", "name"=>"Agilent-028004 SurePrint G3 Human GE 8x60K Microarray (Probe Name Version)", "count"=>"4", "accession"=>"A-GEOD-14550"
3	"id"=>"24568", "name"=>"[HuGene-2_0-st] Affymetrix Human Gene 2.0 ST Array [transcript (gene) version]", "count"=>"36", "accession"=>"A-GEOD-16686"
5	"id"=>"12299", "name"=>"Illumina HumanWG-6 v3.0 Expression BeadChip", "count"=>"48", "accession"=>"A-MEXP-1173", "legacy_id"=>"1633118223"
7	"id"=>"17485", "name"=>"Agilent 028004 SurePrint G3 Human GE 8x60K Microarray", "count"=>"4", "accession"=>"A-MEXP-2102"
8	"id"=>"21185", "name"=>"Illumina HumanHT-12_V4_0_R1_15002873_B", "count"=>"24", "accession"=>"A-MEXP-2210"
9	"id"=>"6828", "name"=>"Illumina HumanMethylation27 BeadChip (HumanMethylation27_270596_v.1.2)", "count"=>"48", "accession"=>"A-GEOD-8490", "legacy_id"=>"2102792432"
11	"id"=>"18903", "name"=>"[miRNA-2_0] Affymetrix Multispecies miRNA-2_0 Array", "count"=>"10", "accession"=>"A-GEOD-14613"
10	"id"=>"11853", "name"=>"Agilent Whole Human Genome Microarray 4x44K 014850 G4112F (85 cols x 532 rows)", "count"=>"12", "accession"=>"A-AGIL-28", "legacy_id"=>"1316855037"
21	"id"=>"9595", "name"=>"Affymetrix GeneChip Human Gene 1.0 ST Array [HuGene-1_0-st-v1]", "count"=>"24", "accession"=>"A-AFFY-141", "legacy_id"=>"1759805535"
14	"id"=>"7509", "name"=>"NimbleGen Homo sapiens HG18 Expression Array (12x135k)", "count"=>"12", "accession"=>"A-GEOD-10191", "legacy_id"=>"2351978272"
2	"id"=>"19396", "name"=>"Illumina HumanMethylation450 BeadChip (HumanMethylation450_15017482_v.1.1)", "count"=>"90", "accession"=>"A-GEOD-13534"
4	"id"=>"7604", "name"=>"Illumina HumanHT-12 V4.0 expression beadchip", "count"=>"15", "accession"=>"A-GEOD-10558", "legacy_id"=>"2501282336"
17	"id"=>"19392", "name"=>"Illumina HumanHT-12 V4.0 expression beadchip", "count"=>"12", "accession"=>"A-GEOD-13475"
19	"id"=>"6696", "name"=>"Capitalbio 22K Human oligo array version 1.0", "count"=>"1", "accession"=>"A-GEOD-8380", "legacy_id"=>"2446265783"
18	"id"=>"4533", "name"=>"Capitalbio mammal microRNA V3.0", "count"=>"8", "accession"=>"A-GEOD-8469", "legacy_id"=>"2484115140"
20	"id"=>"19738", "name"=>"GynObsLU Human 800 PE-associated cDNA", "count"=>"15", "accession"=>"A-GEOD-10579"
23	"id"=>"11001", "name"=>"Affymetrix GeneChip Mouse Genome 430 2.0 [Mouse430_2]", "count"=>"2", "accession"=>"A-AFFY-45", "legacy_id"=>"417942717"
16	"id"=>"13056", "name"=>"Illumina Human-6 v2 Expression BeadChip", "count"=>"104", "accession"=>"A-MEXP-930", "legacy_id"=>"1549852481"
25	"id"=>"10982", "name"=>"Affymetrix GeneChip Human Genome HG-U133B [HG-U133B]", "count"=>"23", "accession"=>"A-AFFY-34", "legacy_id"=>"212395355"
22	"id"=>"12224", "name"=>"Applied Biosystems Human Genome Survey Microarray v2.0", "count"=>"16", "accession"=>"A-MEXP-503", "legacy_id"=>"1198472815"
15	"id"=>"11119", "name"=>"Affymetrix GeneChip Human Genome U133 Plus 2.0 [HG-U133_Plus_2]", "count"=>"2", "accession"=>"A-AFFY-44", "legacy_id"=>"405156763"
26	"id"=>"29705", "name"=>"Agilent Whole Human Genome Oligo Microarray 012391 G4112A", "count"=>"14", "accession"=>"A-AGIL-11", "legacy_id"=>"376314681"
27	"id"=>"10917", "name"=>"Affymetrix GeneChip Human Genome Focus Array [HG-Focus]", "count"=>"35", "accession"=>"A-AFFY-41", "legacy_id"=>"327974795"
24	"id"=>"11043", "name"=>"Affymetrix GeneChip Human Genome HG-U133A [HG-U133A]", "count"=>"13", "accession"=>"A-AFFY-33", "legacy_id"=>"302382080"
6	"id"=>"13379", "name"=>"Illumina HumanHT-12 v3.0 Expression BeadChip", "count"=>"12", "accession"=>"A-MEXP-1171", "legacy_id"=>"1633174974"
\.


--
-- Name: articles_microarray_id_seq; Type: SEQUENCE SET; Schema: public; Owner: sashko
--

SELECT pg_catalog.setval('articles_microarray_id_seq', 27, true);


--
-- Data for Name: articles_sample; Type: TABLE DATA; Schema: public; Owner: sashko
--

COPY articles_sample (id, data, experiment_id) FROM stdin;
27	"name"=>"GSM1917684 2", "organism"=>"Homo sapiens", "sample type"=>NULL, "organism part"=>"placental tissue", "subject status"=>"controls who delivered preterm (<34 weeks)"	35
28	"name"=>"GSM1917683 2", "organism"=>"Homo sapiens", "sample type"=>NULL, "organism part"=>"placental tissue", "subject status"=>"controls who delivered preterm (<34 weeks)"	35
29	"name"=>"GSM1917683 1", "organism"=>"Homo sapiens", "sample type"=>"pooled-sample reference", "organism part"=>"placental tissue", "subject status"=>"controls who delivered at term (>36 weeks)"	35
30	"name"=>"GSM1917682 1", "organism"=>"Homo sapiens", "sample type"=>"pooled-sample reference", "organism part"=>"placental tissue", "subject status"=>"controls who delivered at term (>36 weeks)"	35
31	"name"=>"GSM1917682 2", "organism"=>"Homo sapiens", "sample type"=>NULL, "organism part"=>"placental tissue", "subject status"=>"controls who delivered preterm (<34 weeks)"	35
32	"name"=>"GSM1917681 1", "organism"=>"Homo sapiens", "sample type"=>"pooled-sample reference", "organism part"=>"placental tissue", "subject status"=>"controls who delivered at term (>36 weeks)"	35
33	"name"=>"GSM1917681 2", "organism"=>"Homo sapiens", "sample type"=>NULL, "organism part"=>"placental tissue", "subject status"=>"controls who delivered preterm (<34 weeks)"	35
1	"name"=>"GSM1917684", "organism"=>"Homo sapiens", "sample type"=>NULL, "organism part"=>"placental tissue", "subject status"=>"controls who delivered preterm (<34 weeks)"	35
2	"name"=>"GSM1917683", "organism"=>"Homo sapiens", "sample type"=>"pooled-sample reference", "organism part"=>"placental tissue", "subject status"=>"controls who delivered at term (>36 weeks)"	35
3	"name"=>"GSM1917682", "organism"=>"Homo sapiens", "sample type"=>NULL, "organism part"=>"placental tissue", "subject status"=>"controls who delivered preterm (<34 weeks)"	35
4	"name"=>"GSM1917681", "organism"=>"Homo sapiens", "sample type"=>NULL, "organism part"=>"placental tissue", "subject status"=>"controls who delivered preterm (<34 weeks)"	35
5	"name"=>"GSM1917680", "organism"=>"Homo sapiens", "sample type"=>NULL, "organism part"=>"placental tissue", "subject status"=>"controls who delivered preterm (<34 weeks)"	35
6	"name"=>"GSM1917679", "organism"=>"Homo sapiens", "sample type"=>NULL, "organism part"=>"placental tissue", "subject status"=>"controls who delivered at term (>36 weeks)"	35
7	"name"=>"GSM1917678", "organism"=>"Homo sapiens", "sample type"=>NULL, "organism part"=>"placental tissue", "subject status"=>"controls who delivered at term (>36 weeks)"	35
8	"name"=>"GSM1917677", "organism"=>"Homo sapiens", "sample type"=>NULL, "organism part"=>"placental tissue", "subject status"=>"controls who delivered at term (>36 weeks)"	35
9	"name"=>"GSM1917676", "organism"=>"Homo sapiens", "sample type"=>NULL, "organism part"=>"placental tissue", "subject status"=>"controls who delivered at term (>36 weeks)"	35
10	"name"=>"GSM1917675", "organism"=>"Homo sapiens", "sample type"=>"pooled-sample reference", "organism part"=>"placental tissue", "subject status"=>"controls who delivered at term (>36 weeks)"	35
11	"name"=>"GSM1917674", "organism"=>"Homo sapiens", "sample type"=>NULL, "organism part"=>"placental tissue", "subject status"=>"patients with late-onset (>36 weeks) preeclampsia (LOPE)"	35
12	"name"=>"GSM1917673", "organism"=>"Homo sapiens", "sample type"=>"pooled-sample reference", "organism part"=>"placental tissue", "subject status"=>"controls who delivered at term (>36 weeks)"	35
13	"name"=>"GSM1917672", "organism"=>"Homo sapiens", "sample type"=>"pooled-sample reference", "organism part"=>"placental tissue", "subject status"=>"controls who delivered at term (>36 weeks)"	35
14	"name"=>"GSM1917671", "organism"=>"Homo sapiens", "sample type"=>NULL, "organism part"=>"placental tissue", "subject status"=>"patients with late-onset (>36 weeks) preeclampsia (LOPE)"	35
15	"name"=>"GSM1917670", "organism"=>"Homo sapiens", "sample type"=>NULL, "organism part"=>"placental tissue", "subject status"=>"patients with late-onset (>36 weeks) preeclampsia (LOPE)"	35
16	"name"=>"GSM1917669", "organism"=>"Homo sapiens", "sample type"=>"pooled-sample reference", "organism part"=>"placental tissue", "subject status"=>"controls who delivered at term (>36 weeks)"	35
17	"name"=>"GSM1917668", "organism"=>"Homo sapiens", "sample type"=>"pooled-sample reference", "organism part"=>"placental tissue", "subject status"=>"controls who delivered at term (>36 weeks)"	35
18	"name"=>"GSM1917667", "organism"=>"Homo sapiens", "sample type"=>"pooled-sample reference", "organism part"=>"placental tissue", "subject status"=>"controls who delivered at term (>36 weeks)"	35
19	"name"=>"GSM1917666", "organism"=>"Homo sapiens", "sample type"=>NULL, "organism part"=>"placental tissue", "subject status"=>"patients with early-onset (<34 weeks) preeclampsia (EOPE)"	35
20	"name"=>"GSM1917665", "organism"=>"Homo sapiens", "sample type"=>"pooled-sample reference", "organism part"=>"placental tissue", "subject status"=>"controls who delivered at term (>36 weeks)"	35
21	"name"=>"GSM1917664", "organism"=>"Homo sapiens", "sample type"=>"pooled-sample reference", "organism part"=>"placental tissue", "subject status"=>"controls who delivered at term (>36 weeks)"	35
22	"name"=>"GSM1917663", "organism"=>"Homo sapiens", "sample type"=>"pooled-sample reference", "organism part"=>"placental tissue", "subject status"=>"controls who delivered at term (>36 weeks)"	35
23	"name"=>"GSM1917662", "organism"=>"Homo sapiens", "sample type"=>"pooled-sample reference", "organism part"=>"placental tissue", "subject status"=>"controls who delivered at term (>36 weeks)"	35
24	"name"=>"GSM1917661", "organism"=>"Homo sapiens", "sample type"=>"pooled-sample reference", "organism part"=>"placental tissue", "subject status"=>"controls who delivered at term (>36 weeks)"	35
25	"name"=>"GSM1917660", "organism"=>"Homo sapiens", "sample type"=>NULL, "organism part"=>"placental tissue", "subject status"=>"patients with early-onset (<34 weeks) preeclampsia (EOPE)"	35
35	"name"=>"GSM1917680 2", "organism"=>"Homo sapiens", "sample type"=>NULL, "organism part"=>"placental tissue", "subject status"=>"controls who delivered preterm (<34 weeks)"	35
36	"name"=>"GSM1917679 1", "organism"=>"Homo sapiens", "sample type"=>"pooled-sample reference", "organism part"=>"placental tissue", "subject status"=>"controls who delivered at term (>36 weeks)"	35
37	"name"=>"GSM1917679 2", "organism"=>"Homo sapiens", "sample type"=>NULL, "organism part"=>"placental tissue", "subject status"=>"controls who delivered at term (>36 weeks)"	35
38	"name"=>"GSM1917678 1", "organism"=>"Homo sapiens", "sample type"=>"pooled-sample reference", "organism part"=>"placental tissue", "subject status"=>"controls who delivered at term (>36 weeks)"	35
39	"name"=>"GSM1917678 2", "organism"=>"Homo sapiens", "sample type"=>NULL, "organism part"=>"placental tissue", "subject status"=>"controls who delivered at term (>36 weeks)"	35
40	"name"=>"GSM1917677 1", "organism"=>"Homo sapiens", "sample type"=>"pooled-sample reference", "organism part"=>"placental tissue", "subject status"=>"controls who delivered at term (>36 weeks)"	35
41	"name"=>"GSM1917677 2", "organism"=>"Homo sapiens", "sample type"=>NULL, "organism part"=>"placental tissue", "subject status"=>"controls who delivered at term (>36 weeks)"	35
42	"name"=>"GSM1917676 1", "organism"=>"Homo sapiens", "sample type"=>"pooled-sample reference", "organism part"=>"placental tissue", "subject status"=>"controls who delivered at term (>36 weeks)"	35
43	"name"=>"GSM1917676 2", "organism"=>"Homo sapiens", "sample type"=>NULL, "organism part"=>"placental tissue", "subject status"=>"controls who delivered at term (>36 weeks)"	35
44	"name"=>"GSM1917675 2", "organism"=>"Homo sapiens", "sample type"=>NULL, "organism part"=>"placental tissue", "subject status"=>"controls who delivered at term (>36 weeks)"	35
45	"name"=>"GSM1917675 1", "organism"=>"Homo sapiens", "sample type"=>"pooled-sample reference", "organism part"=>"placental tissue", "subject status"=>"controls who delivered at term (>36 weeks)"	35
46	"name"=>"GSM1917674 1", "organism"=>"Homo sapiens", "sample type"=>"pooled-sample reference", "organism part"=>"placental tissue", "subject status"=>"controls who delivered at term (>36 weeks)"	35
47	"name"=>"GSM1917674 2", "organism"=>"Homo sapiens", "sample type"=>NULL, "organism part"=>"placental tissue", "subject status"=>"patients with late-onset (>36 weeks) preeclampsia (LOPE)"	35
48	"name"=>"GSM1917673 2", "organism"=>"Homo sapiens", "sample type"=>NULL, "organism part"=>"placental tissue", "subject status"=>"patients with late-onset (>36 weeks) preeclampsia (LOPE)"	35
49	"name"=>"GSM1917673 1", "organism"=>"Homo sapiens", "sample type"=>"pooled-sample reference", "organism part"=>"placental tissue", "subject status"=>"controls who delivered at term (>36 weeks)"	35
50	"name"=>"GSM1917672 2", "organism"=>"Homo sapiens", "sample type"=>NULL, "organism part"=>"placental tissue", "subject status"=>"patients with late-onset (>36 weeks) preeclampsia (LOPE)"	35
51	"name"=>"GSM1917672 1", "organism"=>"Homo sapiens", "sample type"=>"pooled-sample reference", "organism part"=>"placental tissue", "subject status"=>"controls who delivered at term (>36 weeks)"	35
52	"name"=>"GSM1917671 1", "organism"=>"Homo sapiens", "sample type"=>"pooled-sample reference", "organism part"=>"placental tissue", "subject status"=>"controls who delivered at term (>36 weeks)"	35
53	"name"=>"GSM1917671 2", "organism"=>"Homo sapiens", "sample type"=>NULL, "organism part"=>"placental tissue", "subject status"=>"patients with late-onset (>36 weeks) preeclampsia (LOPE)"	35
54	"name"=>"GSM1917670 1", "organism"=>"Homo sapiens", "sample type"=>"pooled-sample reference", "organism part"=>"placental tissue", "subject status"=>"controls who delivered at term (>36 weeks)"	35
55	"name"=>"GSM1917670 2", "organism"=>"Homo sapiens", "sample type"=>NULL, "organism part"=>"placental tissue", "subject status"=>"patients with late-onset (>36 weeks) preeclampsia (LOPE)"	35
56	"name"=>"GSM1917669 2", "organism"=>"Homo sapiens", "sample type"=>NULL, "organism part"=>"placental tissue", "subject status"=>"patients with late-onset (>36 weeks) preeclampsia (LOPE)"	35
57	"name"=>"GSM1917669 1", "organism"=>"Homo sapiens", "sample type"=>"pooled-sample reference", "organism part"=>"placental tissue", "subject status"=>"controls who delivered at term (>36 weeks)"	35
58	"name"=>"GSM1917668 2", "organism"=>"Homo sapiens", "sample type"=>NULL, "organism part"=>"placental tissue", "subject status"=>"patients with late-onset (>36 weeks) preeclampsia (LOPE)"	35
59	"name"=>"GSM1917668 1", "organism"=>"Homo sapiens", "sample type"=>"pooled-sample reference", "organism part"=>"placental tissue", "subject status"=>"controls who delivered at term (>36 weeks)"	35
60	"name"=>"GSM1917667 2", "organism"=>"Homo sapiens", "sample type"=>NULL, "organism part"=>"placental tissue", "subject status"=>"patients with late-onset (>36 weeks) preeclampsia (LOPE)"	35
61	"name"=>"GSM1917667 1", "organism"=>"Homo sapiens", "sample type"=>"pooled-sample reference", "organism part"=>"placental tissue", "subject status"=>"controls who delivered at term (>36 weeks)"	35
62	"name"=>"GSM1917666 1", "organism"=>"Homo sapiens", "sample type"=>"pooled-sample reference", "organism part"=>"placental tissue", "subject status"=>"controls who delivered at term (>36 weeks)"	35
63	"name"=>"GSM1917666 2", "organism"=>"Homo sapiens", "sample type"=>NULL, "organism part"=>"placental tissue", "subject status"=>"patients with early-onset (<34 weeks) preeclampsia (EOPE)"	35
64	"name"=>"GSM1917665 2", "organism"=>"Homo sapiens", "sample type"=>NULL, "organism part"=>"placental tissue", "subject status"=>"patients with early-onset (<34 weeks) preeclampsia (EOPE)"	35
65	"name"=>"GSM1917665 1", "organism"=>"Homo sapiens", "sample type"=>"pooled-sample reference", "organism part"=>"placental tissue", "subject status"=>"controls who delivered at term (>36 weeks)"	35
66	"name"=>"GSM1917664 2", "organism"=>"Homo sapiens", "sample type"=>NULL, "organism part"=>"placental tissue", "subject status"=>"patients with early-onset (<34 weeks) preeclampsia (EOPE)"	35
525	"name"=>"GSM1388239 1", "organism"=>"Homo sapiens", "disease state"=>"normal", "organism part"=>"placenta", "gestational classification"=>"Term"	45
68	"name"=>"GSM1917663 2", "organism"=>"Homo sapiens", "sample type"=>NULL, "organism part"=>"placental tissue", "subject status"=>"patients with early-onset (<34 weeks) preeclampsia (EOPE)"	35
69	"name"=>"GSM1917663 1", "organism"=>"Homo sapiens", "sample type"=>"pooled-sample reference", "organism part"=>"placental tissue", "subject status"=>"controls who delivered at term (>36 weeks)"	35
70	"name"=>"GSM1917662 2", "organism"=>"Homo sapiens", "sample type"=>NULL, "organism part"=>"placental tissue", "subject status"=>"patients with early-onset (<34 weeks) preeclampsia (EOPE)"	35
71	"name"=>"GSM1917662 1", "organism"=>"Homo sapiens", "sample type"=>"pooled-sample reference", "organism part"=>"placental tissue", "subject status"=>"controls who delivered at term (>36 weeks)"	35
72	"name"=>"GSM1917661 2", "organism"=>"Homo sapiens", "sample type"=>NULL, "organism part"=>"placental tissue", "subject status"=>"patients with early-onset (<34 weeks) preeclampsia (EOPE)"	35
73	"name"=>"GSM1917661 1", "organism"=>"Homo sapiens", "sample type"=>"pooled-sample reference", "organism part"=>"placental tissue", "subject status"=>"controls who delivered at term (>36 weeks)"	35
74	"name"=>"GSM1917660 1", "organism"=>"Homo sapiens", "sample type"=>"pooled-sample reference", "organism part"=>"placental tissue", "subject status"=>"controls who delivered at term (>36 weeks)"	35
75	"name"=>"GSM1917660 2", "organism"=>"Homo sapiens", "sample type"=>NULL, "organism part"=>"placental tissue", "subject status"=>"patients with early-onset (<34 weeks) preeclampsia (EOPE)"	35
76	"name"=>"GSM1892024 1", "race"=>"African American", "organism"=>"Homo sapiens", "diagnosis"=>"preeclamptic", "maternal age"=>"25", "organism part"=>"placenta", "gestational age"=>"35"	36
77	"name"=>"GSM1892023 1", "race"=>"Caucasian", "organism"=>"Homo sapiens", "diagnosis"=>"preeclamptic", "maternal age"=>"26", "organism part"=>"placenta", "gestational age"=>"36"	36
78	"name"=>"GSM1892022 1", "race"=>"Caucasian", "organism"=>"Homo sapiens", "diagnosis"=>"preeclamptic", "maternal age"=>"37", "organism part"=>"placenta", "gestational age"=>"28"	36
79	"name"=>"GSM1892021 1", "race"=>"Hispanic", "organism"=>"Homo sapiens", "diagnosis"=>"preeclamptic", "maternal age"=>"36", "organism part"=>"placenta", "gestational age"=>"37"	36
80	"name"=>"GSM1892020 1", "race"=>"African American", "organism"=>"Homo sapiens", "diagnosis"=>"preeclamptic", "maternal age"=>"24", "organism part"=>"placenta", "gestational age"=>"35"	36
81	"name"=>"GSM1892019 1", "race"=>"African American", "organism"=>"Homo sapiens", "diagnosis"=>"preeclamptic", "maternal age"=>"20", "organism part"=>"placenta", "gestational age"=>"27"	36
82	"name"=>"GSM1892018 1", "race"=>"African American", "organism"=>"Homo sapiens", "diagnosis"=>"preeclamptic", "maternal age"=>"20", "organism part"=>"placenta", "gestational age"=>"40"	36
83	"name"=>"GSM1892017 1", "race"=>"Other", "organism"=>"Homo sapiens", "diagnosis"=>"preeclamptic", "maternal age"=>"31", "organism part"=>"placenta", "gestational age"=>"32"	36
84	"name"=>"GSM1892016 1", "race"=>"Other", "organism"=>"Homo sapiens", "diagnosis"=>"preeclamptic", "maternal age"=>"32", "organism part"=>"placenta", "gestational age"=>"36"	36
85	"name"=>"GSM1892015 1", "race"=>"African American", "organism"=>"Homo sapiens", "diagnosis"=>"preeclamptic", "maternal age"=>"32", "organism part"=>"placenta", "gestational age"=>"30"	36
86	"name"=>"GSM1892014 1", "race"=>"Caucasian", "organism"=>"Homo sapiens", "diagnosis"=>"preeclamptic", "maternal age"=>"29", "organism part"=>"placenta", "gestational age"=>"40"	36
87	"name"=>"GSM1892013 1", "race"=>"Caucasian", "organism"=>"Homo sapiens", "diagnosis"=>"preeclamptic", "maternal age"=>"34", "organism part"=>"placenta", "gestational age"=>"30"	36
88	"name"=>"GSM1892012 1", "race"=>"African American", "organism"=>"Homo sapiens", "diagnosis"=>"preeclamptic", "maternal age"=>"34", "organism part"=>"placenta", "gestational age"=>"27"	36
89	"name"=>"GSM1892011 1", "race"=>"Other", "organism"=>"Homo sapiens", "diagnosis"=>"preeclamptic", "maternal age"=>"24", "organism part"=>"placenta", "gestational age"=>"22"	36
90	"name"=>"GSM1892010 1", "race"=>"Caucasian", "organism"=>"Homo sapiens", "diagnosis"=>"preeclamptic", "maternal age"=>"29", "organism part"=>"placenta", "gestational age"=>"29"	36
91	"name"=>"GSM1892009 1", "race"=>"Hispanic", "organism"=>"Homo sapiens", "diagnosis"=>"preeclamptic", "maternal age"=>"19", "organism part"=>"placenta", "gestational age"=>"38"	36
92	"name"=>"GSM1892008 1", "race"=>"African American", "organism"=>"Homo sapiens", "diagnosis"=>"preeclamptic", "maternal age"=>"25", "organism part"=>"placenta", "gestational age"=>"34"	36
93	"name"=>"GSM1892007 1", "race"=>"Caucasian", "organism"=>"Homo sapiens", "diagnosis"=>"normotensive", "maternal age"=>"25", "organism part"=>"placenta", "gestational age"=>"36"	36
94	"name"=>"GSM1892006 1", "race"=>"Caucasian", "organism"=>"Homo sapiens", "diagnosis"=>"normotensive", "maternal age"=>"32", "organism part"=>"placenta", "gestational age"=>"35"	36
95	"name"=>"GSM1892005 1", "race"=>"Hispanic", "organism"=>"Homo sapiens", "diagnosis"=>"normotensive", "maternal age"=>"20", "organism part"=>"placenta", "gestational age"=>"40"	36
96	"name"=>"GSM1892004 1", "race"=>"Hispanic", "organism"=>"Homo sapiens", "diagnosis"=>"normotensive", "maternal age"=>"25", "organism part"=>"placenta", "gestational age"=>"40"	36
97	"name"=>"GSM1892003 1", "race"=>"Hispanic", "organism"=>"Homo sapiens", "diagnosis"=>"normotensive", "maternal age"=>"36", "organism part"=>"placenta", "gestational age"=>"38"	36
98	"name"=>"GSM1892002 1", "race"=>"Caucasian", "organism"=>"Homo sapiens", "diagnosis"=>"normotensive", "maternal age"=>"32", "organism part"=>"placenta", "gestational age"=>"40"	36
99	"name"=>"GSM1892001 1", "race"=>"African American", "organism"=>"Homo sapiens", "diagnosis"=>"normotensive", "maternal age"=>"38", "organism part"=>"placenta", "gestational age"=>"38"	36
100	"name"=>"GSM1892000 1", "race"=>"African American", "organism"=>"Homo sapiens", "diagnosis"=>"normotensive", "maternal age"=>"27", "organism part"=>"placenta", "gestational age"=>"41"	36
102	"name"=>"GSM1891998 1", "race"=>"African American", "organism"=>"Homo sapiens", "diagnosis"=>"normotensive", "maternal age"=>"33", "organism part"=>"placenta", "gestational age"=>"36"	36
103	"name"=>"GSM1891997 1", "race"=>"Hispanic", "organism"=>"Homo sapiens", "diagnosis"=>"normotensive", "maternal age"=>"19", "organism part"=>"placenta", "gestational age"=>"40"	36
104	"name"=>"GSM1891996 1", "race"=>"Asian", "organism"=>"Homo sapiens", "diagnosis"=>"normotensive", "maternal age"=>"30", "organism part"=>"placenta", "gestational age"=>"36"	36
105	"name"=>"GSM1891995 1", "race"=>"Caucasian", "organism"=>"Homo sapiens", "diagnosis"=>"normotensive", "maternal age"=>"33", "organism part"=>"placenta", "gestational age"=>"40"	36
106	"name"=>"GSM1891994 1", "race"=>"Caucasian", "organism"=>"Homo sapiens", "diagnosis"=>"normotensive", "maternal age"=>"34", "organism part"=>"placenta", "gestational age"=>"39"	36
107	"name"=>"GSM1891993 1", "race"=>"African American", "organism"=>"Homo sapiens", "diagnosis"=>"normotensive", "maternal age"=>"26", "organism part"=>"placenta", "gestational age"=>"40"	36
108	"name"=>"GSM1891992 1", "race"=>"African American", "organism"=>"Homo sapiens", "diagnosis"=>"normotensive", "maternal age"=>"22", "organism part"=>"placenta", "gestational age"=>"41"	36
109	"name"=>"GSM1891991 1", "race"=>"African American", "organism"=>"Homo sapiens", "diagnosis"=>"preeclamptic", "maternal age"=>"28", "organism part"=>"placenta", "gestational age"=>"33"	36
110	"name"=>"GSM1891990 1", "race"=>"African American", "organism"=>"Homo sapiens", "diagnosis"=>"preeclamptic", "maternal age"=>"35", "organism part"=>"placenta", "gestational age"=>"34"	36
111	"name"=>"GSM1891989 1", "race"=>"Caucasian", "organism"=>"Homo sapiens", "diagnosis"=>"normotensive", "maternal age"=>"28", "organism part"=>"placenta", "gestational age"=>"39"	36
112	"name"=>"GSM1892060 1", "race"=>"36", "organism"=>"Homo sapiens", "diagnosis"=>"preeclamptic", "maternal age"=>"32", "organism part"=>"placenta", "gestational age"=>"Other"	36
113	"name"=>"GSM1892059 1", "race"=>"30", "organism"=>"Homo sapiens", "diagnosis"=>"preeclamptic", "maternal age"=>"32", "organism part"=>"placenta", "gestational age"=>"African American"	36
114	"name"=>"GSM1892058 1", "race"=>"40", "organism"=>"Homo sapiens", "diagnosis"=>"preeclamptic", "maternal age"=>"29", "organism part"=>"placenta", "gestational age"=>"Caucasian"	36
115	"name"=>"GSM1892057 1", "race"=>"30", "organism"=>"Homo sapiens", "diagnosis"=>"preeclamptic", "maternal age"=>"34", "organism part"=>"placenta", "gestational age"=>"Caucasian"	36
116	"name"=>"GSM1892056 1", "race"=>"27", "organism"=>"Homo sapiens", "diagnosis"=>"preeclamptic", "maternal age"=>"34", "organism part"=>"placenta", "gestational age"=>"African American"	36
117	"name"=>"GSM1892055 1", "race"=>"22", "organism"=>"Homo sapiens", "diagnosis"=>"preeclamptic", "maternal age"=>"24", "organism part"=>"placenta", "gestational age"=>"Other"	36
118	"name"=>"GSM1892054 1", "race"=>"41", "organism"=>"Homo sapiens", "diagnosis"=>"normotensive", "maternal age"=>"27", "organism part"=>"placenta", "gestational age"=>"African American"	36
119	"name"=>"GSM1892053 1", "race"=>"37", "organism"=>"Homo sapiens", "diagnosis"=>"normotensive", "maternal age"=>"20", "organism part"=>"placenta", "gestational age"=>"African American"	36
120	"name"=>"GSM1892052 1", "race"=>"36", "organism"=>"Homo sapiens", "diagnosis"=>"normotensive", "maternal age"=>"33", "organism part"=>"placenta", "gestational age"=>"African American"	36
121	"name"=>"GSM1892051 1", "race"=>"40", "organism"=>"Homo sapiens", "diagnosis"=>"normotensive", "maternal age"=>"19", "organism part"=>"placenta", "gestational age"=>"Hispanic"	36
122	"name"=>"GSM1892050 1", "race"=>"36", "organism"=>"Homo sapiens", "diagnosis"=>"normotensive", "maternal age"=>"30", "organism part"=>"placenta", "gestational age"=>"Asian"	36
123	"name"=>"GSM1892049 1", "race"=>"39", "organism"=>"Homo sapiens", "diagnosis"=>"normotensive", "maternal age"=>"28", "organism part"=>"placenta", "gestational age"=>"Caucasian"	36
124	"name"=>"GSM1892048 1", "race"=>"27", "organism"=>"Homo sapiens", "diagnosis"=>"preeclamptic", "maternal age"=>"20", "organism part"=>"placenta", "gestational age"=>"African American"	36
125	"name"=>"GSM1892047 1", "race"=>"32", "organism"=>"Homo sapiens", "diagnosis"=>"preeclamptic", "maternal age"=>"31", "organism part"=>"placenta", "gestational age"=>"Other"	36
126	"name"=>"GSM1892046 1", "race"=>"38", "organism"=>"Homo sapiens", "diagnosis"=>"normotensive", "maternal age"=>"36", "organism part"=>"placenta", "gestational age"=>"Hispanic"	36
127	"name"=>"GSM1892045 1", "race"=>"38", "organism"=>"Homo sapiens", "diagnosis"=>"normotensive", "maternal age"=>"38", "organism part"=>"placenta", "gestational age"=>"African American"	36
128	"name"=>"GSM1892044 1", "race"=>"29", "organism"=>"Homo sapiens", "diagnosis"=>"preeclamptic", "maternal age"=>"29", "organism part"=>"placenta", "gestational age"=>"Caucasian"	36
129	"name"=>"GSM1892043 1", "race"=>"38", "organism"=>"Homo sapiens", "diagnosis"=>"preeclamptic", "maternal age"=>"19", "organism part"=>"placenta", "gestational age"=>"Hispanic"	36
130	"name"=>"GSM1892042 1", "race"=>"34", "organism"=>"Homo sapiens", "diagnosis"=>"preeclamptic", "maternal age"=>"35", "organism part"=>"placenta", "gestational age"=>"African American"	36
131	"name"=>"GSM1892041 1", "race"=>"35", "organism"=>"Homo sapiens", "diagnosis"=>"preeclamptic", "maternal age"=>"25", "organism part"=>"placenta", "gestational age"=>"African American"	36
132	"name"=>"GSM1892040 1", "race"=>"36", "organism"=>"Homo sapiens", "diagnosis"=>"preeclamptic", "maternal age"=>"26", "organism part"=>"placenta", "gestational age"=>"Caucasian"	36
133	"name"=>"GSM1892039 1", "race"=>"33", "organism"=>"Homo sapiens", "diagnosis"=>"preeclamptic", "maternal age"=>"28", "organism part"=>"placenta", "gestational age"=>"African American"	36
134	"name"=>"GSM1892038 1", "race"=>"40", "organism"=>"Homo sapiens", "diagnosis"=>"normotensive", "maternal age"=>"33", "organism part"=>"placenta", "gestational age"=>"Caucasian"	36
803	"name"=>"GSM1015136 1", "Organism"=>"Homo sapiens", "organism part"=>"Fused Cytotrophoblast cells (syncitiotrophoblast)"	58
136	"name"=>"GSM1892036 1", "race"=>"40", "organism"=>"Homo sapiens", "diagnosis"=>"normotensive", "maternal age"=>"26", "organism part"=>"placenta", "gestational age"=>"African American"	36
137	"name"=>"GSM1892035 1", "race"=>"36", "organism"=>"Homo sapiens", "diagnosis"=>"normotensive", "maternal age"=>"25", "organism part"=>"placenta", "gestational age"=>"Caucasian"	36
138	"name"=>"GSM1892034 1", "race"=>"28", "organism"=>"Homo sapiens", "diagnosis"=>"preeclamptic", "maternal age"=>"37", "organism part"=>"placenta", "gestational age"=>"Caucasian"	36
139	"name"=>"GSM1892033 1", "race"=>"37", "organism"=>"Homo sapiens", "diagnosis"=>"preeclamptic", "maternal age"=>"36", "organism part"=>"placenta", "gestational age"=>"Hispanic"	36
140	"name"=>"GSM1892032 1", "race"=>"35", "organism"=>"Homo sapiens", "diagnosis"=>"preeclamptic", "maternal age"=>"24", "organism part"=>"placenta", "gestational age"=>"African American"	36
141	"name"=>"GSM1892031 1", "race"=>"40", "organism"=>"Homo sapiens", "diagnosis"=>"preeclamptic", "maternal age"=>"20", "organism part"=>"placenta", "gestational age"=>"African American"	36
142	"name"=>"GSM1892030 1", "race"=>"34", "organism"=>"Homo sapiens", "diagnosis"=>"preeclamptic", "maternal age"=>"25", "organism part"=>"placenta", "gestational age"=>"African American"	36
143	"name"=>"GSM1892029 1", "race"=>"35", "organism"=>"Homo sapiens", "diagnosis"=>"normotensive", "maternal age"=>"32", "organism part"=>"placenta", "gestational age"=>"Caucasian"	36
144	"name"=>"GSM1892028 1", "race"=>"40", "organism"=>"Homo sapiens", "diagnosis"=>"normotensive", "maternal age"=>"20", "organism part"=>"placenta", "gestational age"=>"Hispanic"	36
145	"name"=>"GSM1892027 1", "race"=>"40", "organism"=>"Homo sapiens", "diagnosis"=>"normotensive", "maternal age"=>"25", "organism part"=>"placenta", "gestational age"=>"Hispanic"	36
146	"name"=>"GSM1892026 1", "race"=>"40", "organism"=>"Homo sapiens", "diagnosis"=>"normotensive", "maternal age"=>"32", "organism part"=>"placenta", "gestational age"=>"Caucasian"	36
147	"name"=>"GSM1892025 1", "race"=>"41", "organism"=>"Homo sapiens", "diagnosis"=>"normotensive", "maternal age"=>"22", "organism part"=>"placenta", "gestational age"=>"African American"	36
148	"name"=>"GSM1892060 1", "race"=>"36", "organism"=>"Homo sapiens", "diagnosis"=>"preeclamptic", "maternal age"=>"32", "organism part"=>"placenta", "gestational age"=>"Other"	37
149	"name"=>"GSM1892059 1", "race"=>"30", "organism"=>"Homo sapiens", "diagnosis"=>"preeclamptic", "maternal age"=>"32", "organism part"=>"placenta", "gestational age"=>"African American"	37
150	"name"=>"GSM1892058 1", "race"=>"40", "organism"=>"Homo sapiens", "diagnosis"=>"preeclamptic", "maternal age"=>"29", "organism part"=>"placenta", "gestational age"=>"Caucasian"	37
151	"name"=>"GSM1892057 1", "race"=>"30", "organism"=>"Homo sapiens", "diagnosis"=>"preeclamptic", "maternal age"=>"34", "organism part"=>"placenta", "gestational age"=>"Caucasian"	37
152	"name"=>"GSM1892056 1", "race"=>"27", "organism"=>"Homo sapiens", "diagnosis"=>"preeclamptic", "maternal age"=>"34", "organism part"=>"placenta", "gestational age"=>"African American"	37
153	"name"=>"GSM1892055 1", "race"=>"22", "organism"=>"Homo sapiens", "diagnosis"=>"preeclamptic", "maternal age"=>"24", "organism part"=>"placenta", "gestational age"=>"Other"	37
154	"name"=>"GSM1892054 1", "race"=>"41", "organism"=>"Homo sapiens", "diagnosis"=>"normotensive", "maternal age"=>"27", "organism part"=>"placenta", "gestational age"=>"African American"	37
155	"name"=>"GSM1892053 1", "race"=>"37", "organism"=>"Homo sapiens", "diagnosis"=>"normotensive", "maternal age"=>"20", "organism part"=>"placenta", "gestational age"=>"African American"	37
156	"name"=>"GSM1892052 1", "race"=>"36", "organism"=>"Homo sapiens", "diagnosis"=>"normotensive", "maternal age"=>"33", "organism part"=>"placenta", "gestational age"=>"African American"	37
157	"name"=>"GSM1892051 1", "race"=>"40", "organism"=>"Homo sapiens", "diagnosis"=>"normotensive", "maternal age"=>"19", "organism part"=>"placenta", "gestational age"=>"Hispanic"	37
158	"name"=>"GSM1892050 1", "race"=>"36", "organism"=>"Homo sapiens", "diagnosis"=>"normotensive", "maternal age"=>"30", "organism part"=>"placenta", "gestational age"=>"Asian"	37
159	"name"=>"GSM1892049 1", "race"=>"39", "organism"=>"Homo sapiens", "diagnosis"=>"normotensive", "maternal age"=>"28", "organism part"=>"placenta", "gestational age"=>"Caucasian"	37
160	"name"=>"GSM1892048 1", "race"=>"27", "organism"=>"Homo sapiens", "diagnosis"=>"preeclamptic", "maternal age"=>"20", "organism part"=>"placenta", "gestational age"=>"African American"	37
161	"name"=>"GSM1892047 1", "race"=>"32", "organism"=>"Homo sapiens", "diagnosis"=>"preeclamptic", "maternal age"=>"31", "organism part"=>"placenta", "gestational age"=>"Other"	37
162	"name"=>"GSM1892046 1", "race"=>"38", "organism"=>"Homo sapiens", "diagnosis"=>"normotensive", "maternal age"=>"36", "organism part"=>"placenta", "gestational age"=>"Hispanic"	37
163	"name"=>"GSM1892045 1", "race"=>"38", "organism"=>"Homo sapiens", "diagnosis"=>"normotensive", "maternal age"=>"38", "organism part"=>"placenta", "gestational age"=>"African American"	37
164	"name"=>"GSM1892044 1", "race"=>"29", "organism"=>"Homo sapiens", "diagnosis"=>"preeclamptic", "maternal age"=>"29", "organism part"=>"placenta", "gestational age"=>"Caucasian"	37
165	"name"=>"GSM1892043 1", "race"=>"38", "organism"=>"Homo sapiens", "diagnosis"=>"preeclamptic", "maternal age"=>"19", "organism part"=>"placenta", "gestational age"=>"Hispanic"	37
166	"name"=>"GSM1892042 1", "race"=>"34", "organism"=>"Homo sapiens", "diagnosis"=>"preeclamptic", "maternal age"=>"35", "organism part"=>"placenta", "gestational age"=>"African American"	37
167	"name"=>"GSM1892041 1", "race"=>"35", "organism"=>"Homo sapiens", "diagnosis"=>"preeclamptic", "maternal age"=>"25", "organism part"=>"placenta", "gestational age"=>"African American"	37
168	"name"=>"GSM1892040 1", "race"=>"36", "organism"=>"Homo sapiens", "diagnosis"=>"preeclamptic", "maternal age"=>"26", "organism part"=>"placenta", "gestational age"=>"Caucasian"	37
526	"name"=>"GSM1388238 1", "organism"=>"Homo sapiens", "disease state"=>"normal", "organism part"=>"placenta", "gestational classification"=>"Term"	45
170	"name"=>"GSM1892038 1", "race"=>"40", "organism"=>"Homo sapiens", "diagnosis"=>"normotensive", "maternal age"=>"33", "organism part"=>"placenta", "gestational age"=>"Caucasian"	37
171	"name"=>"GSM1892037 1", "race"=>"39", "organism"=>"Homo sapiens", "diagnosis"=>"normotensive", "maternal age"=>"34", "organism part"=>"placenta", "gestational age"=>"Caucasian"	37
172	"name"=>"GSM1892036 1", "race"=>"40", "organism"=>"Homo sapiens", "diagnosis"=>"normotensive", "maternal age"=>"26", "organism part"=>"placenta", "gestational age"=>"African American"	37
173	"name"=>"GSM1892035 1", "race"=>"36", "organism"=>"Homo sapiens", "diagnosis"=>"normotensive", "maternal age"=>"25", "organism part"=>"placenta", "gestational age"=>"Caucasian"	37
174	"name"=>"GSM1892034 1", "race"=>"28", "organism"=>"Homo sapiens", "diagnosis"=>"preeclamptic", "maternal age"=>"37", "organism part"=>"placenta", "gestational age"=>"Caucasian"	37
175	"name"=>"GSM1892033 1", "race"=>"37", "organism"=>"Homo sapiens", "diagnosis"=>"preeclamptic", "maternal age"=>"36", "organism part"=>"placenta", "gestational age"=>"Hispanic"	37
176	"name"=>"GSM1892032 1", "race"=>"35", "organism"=>"Homo sapiens", "diagnosis"=>"preeclamptic", "maternal age"=>"24", "organism part"=>"placenta", "gestational age"=>"African American"	37
177	"name"=>"GSM1892031 1", "race"=>"40", "organism"=>"Homo sapiens", "diagnosis"=>"preeclamptic", "maternal age"=>"20", "organism part"=>"placenta", "gestational age"=>"African American"	37
178	"name"=>"GSM1892030 1", "race"=>"34", "organism"=>"Homo sapiens", "diagnosis"=>"preeclamptic", "maternal age"=>"25", "organism part"=>"placenta", "gestational age"=>"African American"	37
179	"name"=>"GSM1892029 1", "race"=>"35", "organism"=>"Homo sapiens", "diagnosis"=>"normotensive", "maternal age"=>"32", "organism part"=>"placenta", "gestational age"=>"Caucasian"	37
180	"name"=>"GSM1892028 1", "race"=>"40", "organism"=>"Homo sapiens", "diagnosis"=>"normotensive", "maternal age"=>"20", "organism part"=>"placenta", "gestational age"=>"Hispanic"	37
181	"name"=>"GSM1892027 1", "race"=>"40", "organism"=>"Homo sapiens", "diagnosis"=>"normotensive", "maternal age"=>"25", "organism part"=>"placenta", "gestational age"=>"Hispanic"	37
182	"name"=>"GSM1892026 1", "race"=>"40", "organism"=>"Homo sapiens", "diagnosis"=>"normotensive", "maternal age"=>"32", "organism part"=>"placenta", "gestational age"=>"Caucasian"	37
183	"name"=>"GSM1892025 1", "race"=>"41", "organism"=>"Homo sapiens", "diagnosis"=>"normotensive", "maternal age"=>"22", "organism part"=>"placenta", "gestational age"=>"African American"	37
184	"name"=>"GSM1892024 1", "race"=>"African American", "organism"=>"Homo sapiens", "diagnosis"=>"preeclamptic", "maternal age"=>"25", "organism part"=>"placenta", "gestational age"=>"35"	38
185	"name"=>"GSM1892023 1", "race"=>"Caucasian", "organism"=>"Homo sapiens", "diagnosis"=>"preeclamptic", "maternal age"=>"26", "organism part"=>"placenta", "gestational age"=>"36"	38
186	"name"=>"GSM1892022 1", "race"=>"Caucasian", "organism"=>"Homo sapiens", "diagnosis"=>"preeclamptic", "maternal age"=>"37", "organism part"=>"placenta", "gestational age"=>"28"	38
187	"name"=>"GSM1892021 1", "race"=>"Hispanic", "organism"=>"Homo sapiens", "diagnosis"=>"preeclamptic", "maternal age"=>"36", "organism part"=>"placenta", "gestational age"=>"37"	38
188	"name"=>"GSM1892020 1", "race"=>"African American", "organism"=>"Homo sapiens", "diagnosis"=>"preeclamptic", "maternal age"=>"24", "organism part"=>"placenta", "gestational age"=>"35"	38
189	"name"=>"GSM1892019 1", "race"=>"African American", "organism"=>"Homo sapiens", "diagnosis"=>"preeclamptic", "maternal age"=>"20", "organism part"=>"placenta", "gestational age"=>"27"	38
190	"name"=>"GSM1892018 1", "race"=>"African American", "organism"=>"Homo sapiens", "diagnosis"=>"preeclamptic", "maternal age"=>"20", "organism part"=>"placenta", "gestational age"=>"40"	38
191	"name"=>"GSM1892017 1", "race"=>"Other", "organism"=>"Homo sapiens", "diagnosis"=>"preeclamptic", "maternal age"=>"31", "organism part"=>"placenta", "gestational age"=>"32"	38
192	"name"=>"GSM1892016 1", "race"=>"Other", "organism"=>"Homo sapiens", "diagnosis"=>"preeclamptic", "maternal age"=>"32", "organism part"=>"placenta", "gestational age"=>"36"	38
193	"name"=>"GSM1892015 1", "race"=>"African American", "organism"=>"Homo sapiens", "diagnosis"=>"preeclamptic", "maternal age"=>"32", "organism part"=>"placenta", "gestational age"=>"30"	38
194	"name"=>"GSM1892014 1", "race"=>"Caucasian", "organism"=>"Homo sapiens", "diagnosis"=>"preeclamptic", "maternal age"=>"29", "organism part"=>"placenta", "gestational age"=>"40"	38
195	"name"=>"GSM1892013 1", "race"=>"Caucasian", "organism"=>"Homo sapiens", "diagnosis"=>"preeclamptic", "maternal age"=>"34", "organism part"=>"placenta", "gestational age"=>"30"	38
196	"name"=>"GSM1892012 1", "race"=>"African American", "organism"=>"Homo sapiens", "diagnosis"=>"preeclamptic", "maternal age"=>"34", "organism part"=>"placenta", "gestational age"=>"27"	38
197	"name"=>"GSM1892011 1", "race"=>"Other", "organism"=>"Homo sapiens", "diagnosis"=>"preeclamptic", "maternal age"=>"24", "organism part"=>"placenta", "gestational age"=>"22"	38
198	"name"=>"GSM1892010 1", "race"=>"Caucasian", "organism"=>"Homo sapiens", "diagnosis"=>"preeclamptic", "maternal age"=>"29", "organism part"=>"placenta", "gestational age"=>"29"	38
199	"name"=>"GSM1892009 1", "race"=>"Hispanic", "organism"=>"Homo sapiens", "diagnosis"=>"preeclamptic", "maternal age"=>"19", "organism part"=>"placenta", "gestational age"=>"38"	38
200	"name"=>"GSM1892008 1", "race"=>"African American", "organism"=>"Homo sapiens", "diagnosis"=>"preeclamptic", "maternal age"=>"25", "organism part"=>"placenta", "gestational age"=>"34"	38
201	"name"=>"GSM1892007 1", "race"=>"Caucasian", "organism"=>"Homo sapiens", "diagnosis"=>"normotensive", "maternal age"=>"25", "organism part"=>"placenta", "gestational age"=>"36"	38
202	"name"=>"GSM1892006 1", "race"=>"Caucasian", "organism"=>"Homo sapiens", "diagnosis"=>"normotensive", "maternal age"=>"32", "organism part"=>"placenta", "gestational age"=>"35"	38
1051	"dose"=>"600", "name"=>"GSM786381 1", "unit"=>"nM", "ligand"=>"CoCl2", "Organism"=>"Homo sapiens", "cell line"=>"Swan 71"	64
204	"name"=>"GSM1892004 1", "race"=>"Hispanic", "organism"=>"Homo sapiens", "diagnosis"=>"normotensive", "maternal age"=>"25", "organism part"=>"placenta", "gestational age"=>"40"	38
205	"name"=>"GSM1892003 1", "race"=>"Hispanic", "organism"=>"Homo sapiens", "diagnosis"=>"normotensive", "maternal age"=>"36", "organism part"=>"placenta", "gestational age"=>"38"	38
206	"name"=>"GSM1892002 1", "race"=>"Caucasian", "organism"=>"Homo sapiens", "diagnosis"=>"normotensive", "maternal age"=>"32", "organism part"=>"placenta", "gestational age"=>"40"	38
207	"name"=>"GSM1892001 1", "race"=>"African American", "organism"=>"Homo sapiens", "diagnosis"=>"normotensive", "maternal age"=>"38", "organism part"=>"placenta", "gestational age"=>"38"	38
208	"name"=>"GSM1892000 1", "race"=>"African American", "organism"=>"Homo sapiens", "diagnosis"=>"normotensive", "maternal age"=>"27", "organism part"=>"placenta", "gestational age"=>"41"	38
209	"name"=>"GSM1891999 1", "race"=>"African American", "organism"=>"Homo sapiens", "diagnosis"=>"normotensive", "maternal age"=>"20", "organism part"=>"placenta", "gestational age"=>"37"	38
210	"name"=>"GSM1891998 1", "race"=>"African American", "organism"=>"Homo sapiens", "diagnosis"=>"normotensive", "maternal age"=>"33", "organism part"=>"placenta", "gestational age"=>"36"	38
211	"name"=>"GSM1891997 1", "race"=>"Hispanic", "organism"=>"Homo sapiens", "diagnosis"=>"normotensive", "maternal age"=>"19", "organism part"=>"placenta", "gestational age"=>"40"	38
212	"name"=>"GSM1891996 1", "race"=>"Asian", "organism"=>"Homo sapiens", "diagnosis"=>"normotensive", "maternal age"=>"30", "organism part"=>"placenta", "gestational age"=>"36"	38
213	"name"=>"GSM1891995 1", "race"=>"Caucasian", "organism"=>"Homo sapiens", "diagnosis"=>"normotensive", "maternal age"=>"33", "organism part"=>"placenta", "gestational age"=>"40"	38
214	"name"=>"GSM1891994 1", "race"=>"Caucasian", "organism"=>"Homo sapiens", "diagnosis"=>"normotensive", "maternal age"=>"34", "organism part"=>"placenta", "gestational age"=>"39"	38
215	"name"=>"GSM1891993 1", "race"=>"African American", "organism"=>"Homo sapiens", "diagnosis"=>"normotensive", "maternal age"=>"26", "organism part"=>"placenta", "gestational age"=>"40"	38
216	"name"=>"GSM1891992 1", "race"=>"African American", "organism"=>"Homo sapiens", "diagnosis"=>"normotensive", "maternal age"=>"22", "organism part"=>"placenta", "gestational age"=>"41"	38
217	"name"=>"GSM1891991 1", "race"=>"African American", "organism"=>"Homo sapiens", "diagnosis"=>"preeclamptic", "maternal age"=>"28", "organism part"=>"placenta", "gestational age"=>"33"	38
218	"name"=>"GSM1891990 1", "race"=>"African American", "organism"=>"Homo sapiens", "diagnosis"=>"preeclamptic", "maternal age"=>"35", "organism part"=>"placenta", "gestational age"=>"34"	38
219	"name"=>"GSM1891989 1", "race"=>"Caucasian", "organism"=>"Homo sapiens", "diagnosis"=>"normotensive", "maternal age"=>"28", "organism part"=>"placenta", "gestational age"=>"39"	38
221	"name"=>"GSM1480166 1", "parity"=>"1", "organism"=>"Homo sapiens", "gravidity"=>"2", "infant sex"=>"male", "organism part"=>"decidua basalis", "subject status"=>"pre-eclamptic patient", "infant weight g"=>"1125", "maternal age yrs"=>"32", "gestational age wks"=>"30"	39
222	"name"=>"GSM1480165 1", "parity"=>"2", "organism"=>"Homo sapiens", "gravidity"=>"2", "infant sex"=>"female", "organism part"=>"decidua basalis", "subject status"=>"pre-eclamptic patient", "infant weight g"=>"2712", "maternal age yrs"=>"35", "gestational age wks"=>"38"	39
223	"name"=>"GSM1480164 1", "parity"=>"2", "organism"=>"Homo sapiens", "gravidity"=>"2", "infant sex"=>"female", "organism part"=>"decidua basalis", "subject status"=>"pre-eclamptic patient", "infant weight g"=>"4310", "maternal age yrs"=>"36", "gestational age wks"=>"41"	39
224	"name"=>"GSM1480163 1", "parity"=>"1", "organism"=>"Homo sapiens", "gravidity"=>"1", "infant sex"=>"male", "organism part"=>"decidua basalis", "subject status"=>"pre-eclamptic patient", "infant weight g"=>"3822", "maternal age yrs"=>"25", "gestational age wks"=>"38"	39
225	"name"=>"GSM1480162 1", "parity"=>"2", "organism"=>"Homo sapiens", "gravidity"=>"2", "infant sex"=>"female", "organism part"=>"decidua basalis", "subject status"=>"pre-eclamptic patient", "infant weight g"=>"2838", "maternal age yrs"=>"47", "gestational age wks"=>"38"	39
226	"name"=>"GSM1480161 1", "parity"=>"3", "organism"=>"Homo sapiens", "gravidity"=>"3", "infant sex"=>"male", "organism part"=>"decidua basalis", "subject status"=>"normotensive control patient", "infant weight g"=>"3576", "maternal age yrs"=>"35", "gestational age wks"=>"39"	39
227	"name"=>"GSM1480160 1", "parity"=>"3", "organism"=>"Homo sapiens", "gravidity"=>"3", "infant sex"=>"female", "organism part"=>"decidua basalis", "subject status"=>"normotensive control patient", "infant weight g"=>"3332", "maternal age yrs"=>"36", "gestational age wks"=>"39"	39
228	"name"=>"GSM1480159 1", "parity"=>"2", "organism"=>"Homo sapiens", "gravidity"=>"2", "infant sex"=>"female", "organism part"=>"decidua basalis", "subject status"=>"normotensive control patient", "infant weight g"=>"3034", "maternal age yrs"=>"40", "gestational age wks"=>"39"	39
229	"name"=>"GSM1480158 1", "parity"=>"3", "organism"=>"Homo sapiens", "gravidity"=>"5", "infant sex"=>"male", "organism part"=>"decidua basalis", "subject status"=>"normotensive control patient", "infant weight g"=>"4598", "maternal age yrs"=>"31", "gestational age wks"=>"41"	39
230	"name"=>"GSM1480157 1", "parity"=>"1", "organism"=>"Homo sapiens", "gravidity"=>"1", "infant sex"=>"male", "organism part"=>"decidua basalis", "subject status"=>"normotensive control patient", "infant weight g"=>"3786", "maternal age yrs"=>"31", "gestational age wks"=>"40"	39
231	"name"=>"GSM1480156 1", "parity"=>"2", "organism"=>"Homo sapiens", "gravidity"=>"2", "infant sex"=>"female", "organism part"=>"decidua basalis", "subject status"=>"pre-eclamptic patient", "infant weight g"=>"425", "maternal age yrs"=>"40", "gestational age wks"=>"25"	39
362	"name"=>"18-669", "organism"=>"Homo sapiens", "organism part"=>"placental vilous", "clinical history"=>"high risk of developing placental complications"	40
233	"name"=>"GSM1480154 1", "parity"=>"1", "organism"=>"Homo sapiens", "gravidity"=>"6", "infant sex"=>"male", "organism part"=>"decidua basalis", "subject status"=>"pre-eclamptic patient", "infant weight g"=>"659", "maternal age yrs"=>"36", "gestational age wks"=>"29"	39
234	"name"=>"GSM1480153 1", "parity"=>"1", "organism"=>"Homo sapiens", "gravidity"=>"1", "infant sex"=>"female", "organism part"=>"decidua basalis", "subject status"=>"pre-eclamptic patient", "infant weight g"=>"3490", "maternal age yrs"=>"41", "gestational age wks"=>"39"	39
235	"name"=>"GSM1480152 1", "parity"=>"1", "organism"=>"Homo sapiens", "gravidity"=>"1", "infant sex"=>"female", "organism part"=>"decidua basalis", "subject status"=>"pre-eclamptic patient", "infant weight g"=>"940", "maternal age yrs"=>"26", "gestational age wks"=>"31"	39
236	"name"=>"GSM1480151 1", "parity"=>"1", "organism"=>"Homo sapiens", "gravidity"=>"1", "infant sex"=>"male", "organism part"=>"decidua basalis", "subject status"=>"pre-eclamptic patient", "infant weight g"=>"1365", "maternal age yrs"=>"26", "gestational age wks"=>"35"	39
237	"name"=>"GSM1480150 1", "parity"=>"1", "organism"=>"Homo sapiens", "gravidity"=>"6", "infant sex"=>"female", "organism part"=>"decidua basalis", "subject status"=>"pre-eclamptic patient", "infant weight g"=>"665", "maternal age yrs"=>"39", "gestational age wks"=>"27"	39
238	"name"=>"GSM1480149 1", "parity"=>"1", "organism"=>"Homo sapiens", "gravidity"=>"1", "infant sex"=>"female", "organism part"=>"decidua basalis", "subject status"=>"pre-eclamptic patient", "infant weight g"=>"3554", "maternal age yrs"=>"21", "gestational age wks"=>"39"	39
239	"name"=>"GSM1480148 1", "parity"=>"1", "organism"=>"Homo sapiens", "gravidity"=>"1", "infant sex"=>"male", "organism part"=>"decidua basalis", "subject status"=>"pre-eclamptic patient", "infant weight g"=>"990", "maternal age yrs"=>"26", "gestational age wks"=>"28"	39
240	"name"=>"GSM1480147 1", "parity"=>"1", "organism"=>"Homo sapiens", "gravidity"=>"1", "infant sex"=>"male", "organism part"=>"decidua basalis", "subject status"=>"pre-eclamptic patient", "infant weight g"=>"516", "maternal age yrs"=>"30", "gestational age wks"=>"25"	39
241	"name"=>"GSM1480146 1", "parity"=>"1", "organism"=>"Homo sapiens", "gravidity"=>"1", "infant sex"=>"male", "organism part"=>"decidua basalis", "subject status"=>"pre-eclamptic patient", "infant weight g"=>"1525", "maternal age yrs"=>"22", "gestational age wks"=>"32"	39
242	"name"=>"GSM1480145 1", "parity"=>"1", "organism"=>"Homo sapiens", "gravidity"=>"1", "infant sex"=>"male", "organism part"=>"decidua basalis", "subject status"=>"pre-eclamptic patient", "infant weight g"=>"3620", "maternal age yrs"=>"20", "gestational age wks"=>"38"	39
243	"name"=>"GSM1480144 1", "parity"=>"1", "organism"=>"Homo sapiens", "gravidity"=>"1", "infant sex"=>"male", "organism part"=>"decidua basalis", "subject status"=>"pre-eclamptic patient", "infant weight g"=>"1556", "maternal age yrs"=>"33", "gestational age wks"=>"31"	39
244	"name"=>"GSM1480143 1", "parity"=>"1", "organism"=>"Homo sapiens", "gravidity"=>"1", "infant sex"=>"female", "organism part"=>"decidua basalis", "subject status"=>"pre-eclamptic patient", "infant weight g"=>"3108", "maternal age yrs"=>"42", "gestational age wks"=>"39"	39
245	"name"=>"GSM1480142 1", "parity"=>"1", "organism"=>"Homo sapiens", "gravidity"=>"2", "infant sex"=>"male", "organism part"=>"decidua basalis", "subject status"=>"pre-eclamptic patient", "infant weight g"=>"732", "maternal age yrs"=>"28", "gestational age wks"=>"28"	39
246	"name"=>"GSM1480141 1", "parity"=>"1", "organism"=>"Homo sapiens", "gravidity"=>"1", "infant sex"=>"male", "organism part"=>"decidua basalis", "subject status"=>"pre-eclamptic patient", "infant weight g"=>"1470", "maternal age yrs"=>"26", "gestational age wks"=>"35"	39
247	"name"=>"GSM1480140 1", "parity"=>"1", "organism"=>"Homo sapiens", "gravidity"=>"1", "infant sex"=>"male", "organism part"=>"decidua basalis", "subject status"=>"pre-eclamptic patient", "infant weight g"=>"1510", "maternal age yrs"=>"27", "gestational age wks"=>"31"	39
248	"name"=>"GSM1480139 1", "parity"=>"1", "organism"=>"Homo sapiens", "gravidity"=>"1", "infant sex"=>"female", "organism part"=>"decidua basalis", "subject status"=>"pre-eclamptic patient", "infant weight g"=>"1000", "maternal age yrs"=>"29", "gestational age wks"=>"31"	39
249	"name"=>"GSM1480138 1", "parity"=>"1", "organism"=>"Homo sapiens", "gravidity"=>"1", "infant sex"=>"male", "organism part"=>"decidua basalis", "subject status"=>"pre-eclamptic patient", "infant weight g"=>"831", "maternal age yrs"=>"32", "gestational age wks"=>"27"	39
250	"name"=>"GSM1480137 1", "parity"=>"1", "organism"=>"Homo sapiens", "gravidity"=>"2", "infant sex"=>"male", "organism part"=>"decidua basalis", "subject status"=>"pre-eclamptic patient", "infant weight g"=>"720", "maternal age yrs"=>"28", "gestational age wks"=>"27"	39
251	"name"=>"GSM1480136 1", "parity"=>"1", "organism"=>"Homo sapiens", "gravidity"=>"1", "infant sex"=>"F+F", "organism part"=>"decidua basalis", "subject status"=>"pre-eclamptic patient", "infant weight g"=>"1780+1630", "maternal age yrs"=>"32", "gestational age wks"=>"33"	39
252	"name"=>"GSM1480135 1", "parity"=>"1", "organism"=>"Homo sapiens", "gravidity"=>"1", "infant sex"=>"male", "organism part"=>"decidua basalis", "subject status"=>"pre-eclamptic patient", "infant weight g"=>"1420", "maternal age yrs"=>"33", "gestational age wks"=>"34"	39
253	"name"=>"GSM1480134 1", "parity"=>"1", "organism"=>"Homo sapiens", "gravidity"=>"1", "infant sex"=>"male", "organism part"=>"decidua basalis", "subject status"=>"pre-eclamptic patient", "infant weight g"=>"1250", "maternal age yrs"=>"26", "gestational age wks"=>"31"	39
254	"name"=>"GSM1480133 1", "parity"=>"1", "organism"=>"Homo sapiens", "gravidity"=>"1", "infant sex"=>"male", "organism part"=>"decidua basalis", "subject status"=>"pre-eclamptic patient", "infant weight g"=>"1190", "maternal age yrs"=>"40", "gestational age wks"=>"31"	39
255	"name"=>"GSM1480132 1", "parity"=>"1", "organism"=>"Homo sapiens", "gravidity"=>"1", "infant sex"=>"female", "organism part"=>"decidua basalis", "subject status"=>"pre-eclamptic patient", "infant weight g"=>"1640", "maternal age yrs"=>"28", "gestational age wks"=>"33"	39
256	"name"=>"GSM1480131 1", "parity"=>"1", "organism"=>"Homo sapiens", "gravidity"=>"3", "infant sex"=>"male", "organism part"=>"decidua basalis", "subject status"=>"pre-eclamptic patient", "infant weight g"=>"2825", "maternal age yrs"=>"39", "gestational age wks"=>"36"	39
1102	"name"=>"GSM396434 2", "tissue"=>"placentae", "Organism"=>"Homo sapiens", "phenotype"=>"normal"	66
258	"name"=>"GSM1480129 1", "parity"=>"1", "organism"=>"Homo sapiens", "gravidity"=>"3", "infant sex"=>"male", "organism part"=>"decidua basalis", "subject status"=>"pre-eclamptic patient", "infant weight g"=>"1720", "maternal age yrs"=>"34", "gestational age wks"=>"32"	39
259	"name"=>"GSM1480128 1", "parity"=>"1", "organism"=>"Homo sapiens", "gravidity"=>"1", "infant sex"=>"male", "organism part"=>"decidua basalis", "subject status"=>"pre-eclamptic patient", "infant weight g"=>"850", "maternal age yrs"=>"19", "gestational age wks"=>"30"	39
260	"name"=>"GSM1480127 1", "parity"=>"3", "organism"=>"Homo sapiens", "gravidity"=>"8", "infant sex"=>"female", "organism part"=>"decidua basalis", "subject status"=>"normotensive control patient", "infant weight g"=>"3580", "maternal age yrs"=>"35", "gestational age wks"=>"39"	39
261	"name"=>"GSM1480126 1", "parity"=>"1", "organism"=>"Homo sapiens", "gravidity"=>"1", "infant sex"=>"male", "organism part"=>"decidua basalis", "subject status"=>"normotensive control patient", "infant weight g"=>"4365", "maternal age yrs"=>"28", "gestational age wks"=>"41"	39
262	"name"=>"GSM1480125 1", "parity"=>"2", "organism"=>"Homo sapiens", "gravidity"=>"2", "infant sex"=>"female", "organism part"=>"decidua basalis", "subject status"=>"normotensive control patient", "infant weight g"=>"3468", "maternal age yrs"=>"34", "gestational age wks"=>"39"	39
263	"name"=>"GSM1480124 1", "parity"=>"2", "organism"=>"Homo sapiens", "gravidity"=>"2", "infant sex"=>"female", "organism part"=>"decidua basalis", "subject status"=>"normotensive control patient", "infant weight g"=>"3095", "maternal age yrs"=>"32", "gestational age wks"=>"38"	39
264	"name"=>"GSM1480123 1", "parity"=>"2", "organism"=>"Homo sapiens", "gravidity"=>"3", "infant sex"=>"male", "organism part"=>"decidua basalis", "subject status"=>"normotensive control patient", "infant weight g"=>"2938", "maternal age yrs"=>"36", "gestational age wks"=>"40"	39
265	"name"=>"GSM1480122 1", "parity"=>"3", "organism"=>"Homo sapiens", "gravidity"=>"4", "infant sex"=>"male", "organism part"=>"decidua basalis", "subject status"=>"normotensive control patient", "infant weight g"=>"3690", "maternal age yrs"=>"46", "gestational age wks"=>"39"	39
266	"name"=>"GSM1480121 1", "parity"=>"1", "organism"=>"Homo sapiens", "gravidity"=>"1", "infant sex"=>"female", "organism part"=>"decidua basalis", "subject status"=>"normotensive control patient", "infant weight g"=>"2635", "maternal age yrs"=>"33", "gestational age wks"=>"39"	39
267	"name"=>"GSM1480120 1", "parity"=>"2", "organism"=>"Homo sapiens", "gravidity"=>"2", "infant sex"=>"female", "organism part"=>"decidua basalis", "subject status"=>"normotensive control patient", "infant weight g"=>"3245", "maternal age yrs"=>"35", "gestational age wks"=>"40"	39
268	"name"=>"GSM1480119 1", "parity"=>"2", "organism"=>"Homo sapiens", "gravidity"=>"5", "infant sex"=>"male", "organism part"=>"decidua basalis", "subject status"=>"normotensive control patient", "infant weight g"=>"4212", "maternal age yrs"=>"24", "gestational age wks"=>"42"	39
269	"name"=>"GSM1480118 1", "parity"=>"1", "organism"=>"Homo sapiens", "gravidity"=>"1", "infant sex"=>"female", "organism part"=>"decidua basalis", "subject status"=>"normotensive control patient", "infant weight g"=>"3385", "maternal age yrs"=>"29", "gestational age wks"=>"39"	39
270	"name"=>"GSM1480117 1", "parity"=>"2", "organism"=>"Homo sapiens", "gravidity"=>"2", "infant sex"=>"male", "organism part"=>"decidua basalis", "subject status"=>"normotensive control patient", "infant weight g"=>"3645", "maternal age yrs"=>"30", "gestational age wks"=>"39"	39
271	"name"=>"GSM1480116 1", "parity"=>"2", "organism"=>"Homo sapiens", "gravidity"=>"2", "infant sex"=>"female", "organism part"=>"decidua basalis", "subject status"=>"normotensive control patient", "infant weight g"=>"3415", "maternal age yrs"=>"32", "gestational age wks"=>"39"	39
272	"name"=>"GSM1480115 1", "parity"=>"3", "organism"=>"Homo sapiens", "gravidity"=>"3", "infant sex"=>"male", "organism part"=>"decidua basalis", "subject status"=>"normotensive control patient", "infant weight g"=>"3670", "maternal age yrs"=>"32", "gestational age wks"=>"38"	39
273	"name"=>"GSM1480114 1", "parity"=>"2", "organism"=>"Homo sapiens", "gravidity"=>"2", "infant sex"=>"female", "organism part"=>"decidua basalis", "subject status"=>"normotensive control patient", "infant weight g"=>"2880", "maternal age yrs"=>"33", "gestational age wks"=>"39"	39
274	"name"=>"GSM1480113 1", "parity"=>"3", "organism"=>"Homo sapiens", "gravidity"=>"3", "infant sex"=>"male", "organism part"=>"decidua basalis", "subject status"=>"normotensive control patient", "infant weight g"=>"3365", "maternal age yrs"=>"37", "gestational age wks"=>"39"	39
275	"name"=>"GSM1480112 1", "parity"=>"2", "organism"=>"Homo sapiens", "gravidity"=>"3", "infant sex"=>"male", "organism part"=>"decidua basalis", "subject status"=>"normotensive control patient", "infant weight g"=>"3325", "maternal age yrs"=>"23", "gestational age wks"=>"39"	39
276	"name"=>"GSM1480111 1", "parity"=>"2", "organism"=>"Homo sapiens", "gravidity"=>"2", "infant sex"=>"female", "organism part"=>"decidua basalis", "subject status"=>"normotensive control patient", "infant weight g"=>"3760", "maternal age yrs"=>"35", "gestational age wks"=>"39"	39
277	"name"=>"GSM1480110 1", "parity"=>"1", "organism"=>"Homo sapiens", "gravidity"=>"1", "infant sex"=>"female", "organism part"=>"decidua basalis", "subject status"=>"normotensive control patient", "infant weight g"=>"3465", "maternal age yrs"=>"28", "gestational age wks"=>"39"	39
278	"name"=>"GSM1480109 1", "parity"=>"2", "organism"=>"Homo sapiens", "gravidity"=>"3", "infant sex"=>"female", "organism part"=>"decidua basalis", "subject status"=>"normotensive control patient", "infant weight g"=>"3315", "maternal age yrs"=>"31", "gestational age wks"=>"42"	39
279	"name"=>"GSM1480108 1", "parity"=>"2", "organism"=>"Homo sapiens", "gravidity"=>"6", "infant sex"=>"female", "organism part"=>"decidua basalis", "subject status"=>"normotensive control patient", "infant weight g"=>"3145", "maternal age yrs"=>"36", "gestational age wks"=>"39"	39
280	"name"=>"GSM1480107 1", "parity"=>"2", "organism"=>"Homo sapiens", "gravidity"=>"5", "infant sex"=>"male", "organism part"=>"decidua basalis", "subject status"=>"normotensive control patient", "infant weight g"=>"2700", "maternal age yrs"=>"30", "gestational age wks"=>"37"	39
363	"name"=>"19-623", "organism"=>"Homo sapiens", "organism part"=>"placental vilous", "clinical history"=>"low risk of developing placental complications"	40
282	"name"=>"GSM1480105 1", "parity"=>"2", "organism"=>"Homo sapiens", "gravidity"=>"3", "infant sex"=>"female", "organism part"=>"decidua basalis", "subject status"=>"normotensive control patient", "infant weight g"=>"3125", "maternal age yrs"=>"38", "gestational age wks"=>"39"	39
283	"name"=>"GSM1480104 1", "parity"=>"2", "organism"=>"Homo sapiens", "gravidity"=>"8", "infant sex"=>"male", "organism part"=>"decidua basalis", "subject status"=>"normotensive control patient", "infant weight g"=>"3480", "maternal age yrs"=>"37", "gestational age wks"=>"39"	39
284	"name"=>"GSM1480103 1", "parity"=>"3", "organism"=>"Homo sapiens", "gravidity"=>"3", "infant sex"=>"female", "organism part"=>"decidua basalis", "subject status"=>"normotensive control patient", "infant weight g"=>"3105", "maternal age yrs"=>"30", "gestational age wks"=>"38"	39
285	"name"=>"GSM1480102 1", "parity"=>"4", "organism"=>"Homo sapiens", "gravidity"=>"5", "infant sex"=>"male", "organism part"=>"decidua basalis", "subject status"=>"normotensive control patient", "infant weight g"=>"3935", "maternal age yrs"=>"32", "gestational age wks"=>"40"	39
286	"name"=>"GSM1480101 1", "parity"=>"3", "organism"=>"Homo sapiens", "gravidity"=>"3", "infant sex"=>"female", "organism part"=>"decidua basalis", "subject status"=>"normotensive control patient", "infant weight g"=>"3050", "maternal age yrs"=>"32", "gestational age wks"=>"38"	39
287	"name"=>"GSM1480100 1", "parity"=>"2", "organism"=>"Homo sapiens", "gravidity"=>"2", "infant sex"=>"female", "organism part"=>"decidua basalis", "subject status"=>"normotensive control patient", "infant weight g"=>"2935", "maternal age yrs"=>"34", "gestational age wks"=>"39"	39
288	"name"=>"GSM1480099 1", "parity"=>"1", "organism"=>"Homo sapiens", "gravidity"=>"1", "infant sex"=>"male", "organism part"=>"decidua basalis", "subject status"=>"normotensive control patient", "infant weight g"=>"3155", "maternal age yrs"=>"37", "gestational age wks"=>"41"	39
289	"name"=>"GSM1480098 1", "parity"=>"2", "organism"=>"Homo sapiens", "gravidity"=>"2", "infant sex"=>"female", "organism part"=>"decidua basalis", "subject status"=>"normotensive control patient", "infant weight g"=>"3875", "maternal age yrs"=>"39", "gestational age wks"=>"38"	39
290	"name"=>"GSM1480097 1", "parity"=>"3", "organism"=>"Homo sapiens", "gravidity"=>"4", "infant sex"=>"female", "organism part"=>"decidua basalis", "subject status"=>"normotensive control patient", "infant weight g"=>"2920", "maternal age yrs"=>"37", "gestational age wks"=>"39"	39
291	"name"=>"GSM1480096 1", "parity"=>"4", "organism"=>"Homo sapiens", "gravidity"=>"5", "infant sex"=>"male", "organism part"=>"decidua basalis", "subject status"=>"normotensive control patient", "infant weight g"=>"2195", "maternal age yrs"=>"28", "gestational age wks"=>"38"	39
292	"name"=>"GSM1480095 1", "parity"=>"1", "organism"=>"Homo sapiens", "gravidity"=>"1", "infant sex"=>"male", "organism part"=>"decidua basalis", "subject status"=>"normotensive control patient", "infant weight g"=>"3785", "maternal age yrs"=>"26", "gestational age wks"=>"38"	39
293	"name"=>"GSM1480094 1", "parity"=>"1", "organism"=>"Homo sapiens", "gravidity"=>"1", "infant sex"=>"male", "organism part"=>"decidua basalis", "subject status"=>"normotensive control patient", "infant weight g"=>"3395", "maternal age yrs"=>"29", "gestational age wks"=>"40"	39
294	"name"=>"GSM1480093 1", "parity"=>"1", "organism"=>"Homo sapiens", "gravidity"=>"1", "infant sex"=>"male", "organism part"=>"decidua basalis", "subject status"=>"normotensive control patient", "infant weight g"=>"3240", "maternal age yrs"=>"34", "gestational age wks"=>"38"	39
295	"name"=>"GSM1480092 1", "parity"=>"1", "organism"=>"Homo sapiens", "gravidity"=>"1", "infant sex"=>"female", "organism part"=>"decidua basalis", "subject status"=>"normotensive control patient", "infant weight g"=>"3445", "maternal age yrs"=>"29", "gestational age wks"=>"39"	39
296	"name"=>"GSM1480091 1", "parity"=>"1", "organism"=>"Homo sapiens", "gravidity"=>"1", "infant sex"=>"female", "organism part"=>"decidua basalis", "subject status"=>"normotensive control patient", "infant weight g"=>"3635", "maternal age yrs"=>"33", "gestational age wks"=>"41"	39
297	"name"=>"GSM1480090 1", "parity"=>"1", "organism"=>"Homo sapiens", "gravidity"=>"1", "infant sex"=>"male", "organism part"=>"decidua basalis", "subject status"=>"pre-eclamptic patient", "infant weight g"=>"1292", "maternal age yrs"=>"37", "gestational age wks"=>"31"	39
298	"name"=>"GSM1480089 1", "parity"=>"1", "organism"=>"Homo sapiens", "gravidity"=>"2", "infant sex"=>"male", "organism part"=>"decidua basalis", "subject status"=>"pre-eclamptic patient", "infant weight g"=>"2870", "maternal age yrs"=>"24", "gestational age wks"=>"36"	39
299	"name"=>"GSM1480088 1", "parity"=>"1", "organism"=>"Homo sapiens", "gravidity"=>"1", "infant sex"=>"male", "organism part"=>"decidua basalis", "subject status"=>"pre-eclamptic patient", "infant weight g"=>"1100", "maternal age yrs"=>"34", "gestational age wks"=>"28"	39
300	"name"=>"GSM1480087 1", "parity"=>"1", "organism"=>"Homo sapiens", "gravidity"=>"1", "infant sex"=>"female", "organism part"=>"decidua basalis", "subject status"=>"pre-eclamptic patient", "infant weight g"=>"1590", "maternal age yrs"=>"28", "gestational age wks"=>"30"	39
301	"name"=>"GSM1480086 1", "parity"=>"1", "organism"=>"Homo sapiens", "gravidity"=>"3", "infant sex"=>"female", "organism part"=>"decidua basalis", "subject status"=>"pre-eclamptic patient", "infant weight g"=>"1122", "maternal age yrs"=>"35", "gestational age wks"=>"28"	39
302	"name"=>"GSM1480085 1", "parity"=>"1", "organism"=>"Homo sapiens", "gravidity"=>"1", "infant sex"=>"female", "organism part"=>"decidua basalis", "subject status"=>"pre-eclamptic patient", "infant weight g"=>"1081", "maternal age yrs"=>"27", "gestational age wks"=>"29"	39
303	"name"=>"GSM1480084 1", "parity"=>"1", "organism"=>"Homo sapiens", "gravidity"=>"1", "infant sex"=>"female", "organism part"=>"decidua basalis", "subject status"=>"pre-eclamptic patient", "infant weight g"=>"650", "maternal age yrs"=>"32", "gestational age wks"=>"28"	39
304	"name"=>"GSM1480083 1", "parity"=>"1", "organism"=>"Homo sapiens", "gravidity"=>"1", "infant sex"=>"female", "organism part"=>"decidua basalis", "subject status"=>"pre-eclamptic patient", "infant weight g"=>"2190", "maternal age yrs"=>"20", "gestational age wks"=>"37"	39
305	"name"=>"GSM1480082 1", "parity"=>"1", "organism"=>"Homo sapiens", "gravidity"=>"1", "infant sex"=>"male", "organism part"=>"decidua basalis", "subject status"=>"pre-eclamptic patient", "infant weight g"=>"635", "maternal age yrs"=>"35", "gestational age wks"=>"26"	39
1505	"name"=>"GSM515343 1", "tissue"=>"SGHPL-5 cell line", "Organism"=>"Homo sapiens"	82
1506	"name"=>"GSM515342 1", "tissue"=>"SGHPL-5 cell line", "Organism"=>"Homo sapiens"	82
307	"name"=>"GSM1480080 1", "parity"=>"1", "organism"=>"Homo sapiens", "gravidity"=>"1", "infant sex"=>"female", "organism part"=>"decidua basalis", "subject status"=>"pre-eclamptic patient", "infant weight g"=>"1648", "maternal age yrs"=>"32", "gestational age wks"=>"32"	39
308	"name"=>"GSM1480079 1", "parity"=>"2", "organism"=>"Homo sapiens", "gravidity"=>"3", "infant sex"=>"female", "organism part"=>"decidua basalis", "subject status"=>"pre-eclamptic patient", "infant weight g"=>"886", "maternal age yrs"=>"28", "gestational age wks"=>"28"	39
309	"name"=>"GSM1480078 1", "parity"=>"1", "organism"=>"Homo sapiens", "gravidity"=>"1", "infant sex"=>"male", "organism part"=>"decidua basalis", "subject status"=>"pre-eclamptic patient", "infant weight g"=>"3130", "maternal age yrs"=>"33", "gestational age wks"=>"38"	39
310	"name"=>"GSM1480077 1", "parity"=>"1", "organism"=>"Homo sapiens", "gravidity"=>"1", "infant sex"=>"male", "organism part"=>"decidua basalis", "subject status"=>"pre-eclamptic patient", "infant weight g"=>"1845", "maternal age yrs"=>"18", "gestational age wks"=>"33"	39
311	"name"=>"GSM1480076 1", "parity"=>"1", "organism"=>"Homo sapiens", "gravidity"=>"1", "infant sex"=>"male", "organism part"=>"decidua basalis", "subject status"=>"pre-eclamptic patient", "infant weight g"=>"835", "maternal age yrs"=>"29", "gestational age wks"=>"28"	39
312	"name"=>"GSM1480075 1", "parity"=>"1", "organism"=>"Homo sapiens", "gravidity"=>"1", "infant sex"=>"male", "organism part"=>"decidua basalis", "subject status"=>"pre-eclamptic patient", "infant weight g"=>"3258", "maternal age yrs"=>"37", "gestational age wks"=>"39"	39
313	"name"=>"GSM1480074 1", "parity"=>"1", "organism"=>"Homo sapiens", "gravidity"=>"2", "infant sex"=>"female", "organism part"=>"decidua basalis", "subject status"=>"pre-eclamptic patient", "infant weight g"=>"1740", "maternal age yrs"=>"29", "gestational age wks"=>"31"	39
314	"name"=>"GSM1480073 1", "parity"=>"1", "organism"=>"Homo sapiens", "gravidity"=>"1", "infant sex"=>"male", "organism part"=>"decidua basalis", "subject status"=>"pre-eclamptic patient", "infant weight g"=>"2706", "maternal age yrs"=>"35", "gestational age wks"=>"36"	39
315	"name"=>"GSM1480072 1", "parity"=>"1", "organism"=>"Homo sapiens", "gravidity"=>"2", "infant sex"=>"male", "organism part"=>"decidua basalis", "subject status"=>"pre-eclamptic patient", "infant weight g"=>"1510", "maternal age yrs"=>"26", "gestational age wks"=>"32"	39
316	"name"=>"GSM1480071 1", "parity"=>"1", "organism"=>"Homo sapiens", "gravidity"=>"1", "infant sex"=>"male", "organism part"=>"decidua basalis", "subject status"=>"pre-eclamptic patient", "infant weight g"=>"1120", "maternal age yrs"=>"34", "gestational age wks"=>"30"	39
317	"name"=>"GSM1480070 1", "parity"=>"2", "organism"=>"Homo sapiens", "gravidity"=>"3", "infant sex"=>"male", "organism part"=>"decidua basalis", "subject status"=>"pre-eclamptic patient", "infant weight g"=>"1850", "maternal age yrs"=>"28", "gestational age wks"=>"33"	39
318	"name"=>"GSM1480069 1", "parity"=>"2", "organism"=>"Homo sapiens", "gravidity"=>"4", "infant sex"=>"female", "organism part"=>"decidua basalis", "subject status"=>"pre-eclamptic patient", "infant weight g"=>"1955", "maternal age yrs"=>"32", "gestational age wks"=>"35"	39
319	"name"=>"GSM1480068 1", "parity"=>"1", "organism"=>"Homo sapiens", "gravidity"=>"1", "infant sex"=>"female", "organism part"=>"decidua basalis", "subject status"=>"pre-eclamptic patient", "infant weight g"=>"1340", "maternal age yrs"=>"30", "gestational age wks"=>"31"	39
320	"name"=>"GSM1480067 1", "parity"=>"1", "organism"=>"Homo sapiens", "gravidity"=>"1", "infant sex"=>"male", "organism part"=>"decidua basalis", "subject status"=>"pre-eclamptic patient", "infant weight g"=>"1735", "maternal age yrs"=>"29", "gestational age wks"=>"32"	39
321	"name"=>"GSM1480066 1", "parity"=>"1", "organism"=>"Homo sapiens", "gravidity"=>"1", "infant sex"=>"female", "organism part"=>"decidua basalis", "subject status"=>"pre-eclamptic patient", "infant weight g"=>"1360", "maternal age yrs"=>"33", "gestational age wks"=>"35"	39
322	"name"=>"GSM1480065 1", "parity"=>"1", "organism"=>"Homo sapiens", "gravidity"=>"1", "infant sex"=>"male", "organism part"=>"decidua basalis", "subject status"=>"normotensive control patient", "infant weight g"=>"3110", "maternal age yrs"=>"28", "gestational age wks"=>"39"	39
323	"name"=>"GSM1480064 1", "parity"=>"1", "organism"=>"Homo sapiens", "gravidity"=>"1", "infant sex"=>"female", "organism part"=>"decidua basalis", "subject status"=>"normotensive control patient", "infant weight g"=>"3306", "maternal age yrs"=>"38", "gestational age wks"=>"40"	39
324	"name"=>"GSM1480063 1", "parity"=>"1", "organism"=>"Homo sapiens", "gravidity"=>"1", "infant sex"=>"male", "organism part"=>"decidua basalis", "subject status"=>"normotensive control patient", "infant weight g"=>"3618", "maternal age yrs"=>"35", "gestational age wks"=>"39"	39
325	"name"=>"GSM1480062 1", "parity"=>"1", "organism"=>"Homo sapiens", "gravidity"=>"1", "infant sex"=>"female", "organism part"=>"decidua basalis", "subject status"=>"normotensive control patient", "infant weight g"=>"2825", "maternal age yrs"=>"29", "gestational age wks"=>"40"	39
326	"name"=>"GSM1480061 1", "parity"=>"2", "organism"=>"Homo sapiens", "gravidity"=>"3", "infant sex"=>"male", "organism part"=>"decidua basalis", "subject status"=>"normotensive control patient", "infant weight g"=>"3490", "maternal age yrs"=>"32", "gestational age wks"=>"38"	39
327	"name"=>"GSM1480060 1", "parity"=>"2", "organism"=>"Homo sapiens", "gravidity"=>"3", "infant sex"=>"female", "organism part"=>"decidua basalis", "subject status"=>"normotensive control patient", "infant weight g"=>"3325", "maternal age yrs"=>"33", "gestational age wks"=>"39"	39
328	"name"=>"GSM1480059 1", "parity"=>"1", "organism"=>"Homo sapiens", "gravidity"=>"1", "infant sex"=>"female", "organism part"=>"decidua basalis", "subject status"=>"normotensive control patient", "infant weight g"=>"2535", "maternal age yrs"=>"38", "gestational age wks"=>"38"	39
329	"name"=>"GSM1480058 1", "parity"=>"1", "organism"=>"Homo sapiens", "gravidity"=>"1", "infant sex"=>"female", "organism part"=>"decidua basalis", "subject status"=>"normotensive control patient", "infant weight g"=>"3808", "maternal age yrs"=>"29", "gestational age wks"=>"40"	39
330	"name"=>"GSM1480057 1", "parity"=>"1", "organism"=>"Homo sapiens", "gravidity"=>"1", "infant sex"=>"male", "organism part"=>"decidua basalis", "subject status"=>"normotensive control patient", "infant weight g"=>"3336", "maternal age yrs"=>"40", "gestational age wks"=>"38"	39
1507	"name"=>"GSM515341 1", "tissue"=>"SGHPL-5 cell line", "Organism"=>"Homo sapiens"	82
1508	"name"=>"GSM515340 1", "tissue"=>"JEG3 choriocarcinoma cell line", "Organism"=>"Homo sapiens"	82
1509	"name"=>"GSM515339 1", "tissue"=>"JEG3 choriocarcinoma cell line", "Organism"=>"Homo sapiens"	82
332	"name"=>"GSM1480055 1", "parity"=>"1", "organism"=>"Homo sapiens", "gravidity"=>"2", "infant sex"=>"male", "organism part"=>"decidua basalis", "subject status"=>"normotensive control patient", "infant weight g"=>"3830", "maternal age yrs"=>"32", "gestational age wks"=>"39"	39
333	"name"=>"GSM1480054 1", "parity"=>"1", "organism"=>"Homo sapiens", "gravidity"=>"2", "infant sex"=>"male", "organism part"=>"decidua basalis", "subject status"=>"normotensive control patient", "infant weight g"=>"3692", "maternal age yrs"=>"32", "gestational age wks"=>"39"	39
334	"name"=>"GSM1480053 1", "parity"=>"1", "organism"=>"Homo sapiens", "gravidity"=>"1", "infant sex"=>"female", "organism part"=>"decidua basalis", "subject status"=>"normotensive control patient", "infant weight g"=>"3060", "maternal age yrs"=>"26", "gestational age wks"=>"38"	39
335	"name"=>"GSM1480052 1", "parity"=>"1", "organism"=>"Homo sapiens", "gravidity"=>"1", "infant sex"=>"female", "organism part"=>"decidua basalis", "subject status"=>"normotensive control patient", "infant weight g"=>"3420", "maternal age yrs"=>"32", "gestational age wks"=>"38"	39
336	"name"=>"GSM1480051 1", "parity"=>"1", "organism"=>"Homo sapiens", "gravidity"=>"1", "infant sex"=>"male", "organism part"=>"decidua basalis", "subject status"=>"normotensive control patient", "infant weight g"=>"3130", "maternal age yrs"=>"29", "gestational age wks"=>"39"	39
337	"name"=>"GSM1480050 1", "parity"=>"1", "organism"=>"Homo sapiens", "gravidity"=>"1", "infant sex"=>"male", "organism part"=>"decidua basalis", "subject status"=>"normotensive control patient", "infant weight g"=>"2880", "maternal age yrs"=>"28", "gestational age wks"=>"39"	39
338	"name"=>"GSM1480049 1", "parity"=>"1", "organism"=>"Homo sapiens", "gravidity"=>"1", "infant sex"=>"female", "organism part"=>"decidua basalis", "subject status"=>"normotensive control patient", "infant weight g"=>"3126", "maternal age yrs"=>"23", "gestational age wks"=>"39"	39
339	"name"=>"GSM1480048 1", "parity"=>"1", "organism"=>"Homo sapiens", "gravidity"=>"1", "infant sex"=>"female", "organism part"=>"decidua basalis", "subject status"=>"normotensive control patient", "infant weight g"=>"3461", "maternal age yrs"=>"30", "gestational age wks"=>"40"	39
340	"name"=>"GSM1480047 1", "parity"=>"1", "organism"=>"Homo sapiens", "gravidity"=>"1", "infant sex"=>"male", "organism part"=>"decidua basalis", "subject status"=>"normotensive control patient", "infant weight g"=>"3585", "maternal age yrs"=>"22", "gestational age wks"=>"40"	39
341	"name"=>"GSM1480046 1", "parity"=>"1", "organism"=>"Homo sapiens", "gravidity"=>"1", "infant sex"=>"female", "organism part"=>"decidua basalis", "subject status"=>"normotensive control patient", "infant weight g"=>"3400", "maternal age yrs"=>"33", "gestational age wks"=>"40"	39
342	"name"=>"GSM1480045 1", "parity"=>"1", "organism"=>"Homo sapiens", "gravidity"=>"1", "infant sex"=>"female", "organism part"=>"decidua basalis", "subject status"=>"normotensive control patient", "infant weight g"=>"3450", "maternal age yrs"=>"33", "gestational age wks"=>"38"	39
343	"name"=>"GSM1480044 1", "parity"=>"1", "organism"=>"Homo sapiens", "gravidity"=>"1", "infant sex"=>"male", "organism part"=>"decidua basalis", "subject status"=>"normotensive control patient", "infant weight g"=>"2740", "maternal age yrs"=>"34", "gestational age wks"=>"39"	39
344	"name"=>"GSM1480043 1", "parity"=>"1", "organism"=>"Homo sapiens", "gravidity"=>"2", "infant sex"=>"male", "organism part"=>"decidua basalis", "subject status"=>"normotensive control patient", "infant weight g"=>"2990", "maternal age yrs"=>"31", "gestational age wks"=>"38"	39
345	"name"=>"01-674", "organism"=>"Homo sapiens", "organism part"=>"placental vilous", "clinical history"=>"high risk of developing placental complications"	40
346	"name"=>"02-683", "organism"=>"Homo sapiens", "organism part"=>"placental vilous", "clinical history"=>"high risk of developing placental complications"	40
347	"name"=>"03-684", "organism"=>"Homo sapiens", "organism part"=>"placental vilous", "clinical history"=>"high risk of developing placental complications"	40
348	"name"=>"04-691", "organism"=>"Homo sapiens", "organism part"=>"placental vilous", "clinical history"=>"low risk of developing placental complications"	40
349	"name"=>"05-629", "organism"=>"Homo sapiens", "organism part"=>"placental vilous", "clinical history"=>"low risk of developing placental complications"	40
350	"name"=>"06-656", "organism"=>"Homo sapiens", "organism part"=>"placental vilous", "clinical history"=>"high risk of developing placental complications"	40
351	"name"=>"07-618", "organism"=>"Homo sapiens", "organism part"=>"placental vilous", "clinical history"=>"high risk of developing placental complications"	40
352	"name"=>"08-699", "organism"=>"Homo sapiens", "organism part"=>"placental vilous", "clinical history"=>"low risk of developing placental complications"	40
353	"name"=>"09-677", "organism"=>"Homo sapiens", "organism part"=>"placental vilous", "clinical history"=>"low risk of developing placental complications"	40
354	"name"=>"10-687", "organism"=>"Homo sapiens", "organism part"=>"placental vilous", "clinical history"=>"high risk of developing placental complications"	40
355	"name"=>"11-689", "organism"=>"Homo sapiens", "organism part"=>"placental vilous", "clinical history"=>"low risk of developing placental complications"	40
356	"name"=>"12-697", "organism"=>"Homo sapiens", "organism part"=>"placental vilous", "clinical history"=>"low risk of developing placental complications"	40
357	"name"=>"13-661", "organism"=>"Homo sapiens", "organism part"=>"placental vilous", "clinical history"=>"high risk of developing placental complications"	40
358	"name"=>"14-619", "organism"=>"Homo sapiens", "organism part"=>"placental vilous", "clinical history"=>"low risk of developing placental complications"	40
359	"name"=>"15-620", "organism"=>"Homo sapiens", "organism part"=>"placental vilous", "clinical history"=>"low risk of developing placental complications"	40
360	"name"=>"16-655", "organism"=>"Homo sapiens", "organism part"=>"placental vilous", "clinical history"=>"high risk of developing placental complications"	40
361	"name"=>"17-668", "organism"=>"Homo sapiens", "organism part"=>"placental vilous", "clinical history"=>"high risk of developing placental complications"	40
1510	"name"=>"GSM515338 1", "tissue"=>"JEG3 choriocarcinoma cell line", "Organism"=>"Homo sapiens"	82
365	"name"=>"21-664", "organism"=>"Homo sapiens", "organism part"=>"placental vilous", "clinical history"=>"high risk of developing placental complications"	40
366	"name"=>"22-657", "organism"=>"Homo sapiens", "organism part"=>"placental vilous", "clinical history"=>"low risk of developing placental complications"	40
368	"name"=>"Sample 2", "pool"=>"RNA pooled from 3 independent cultures of cells exposed to plasma from women with severe preeclampsia", "disease"=>"severe preeclampsia", "organism"=>"Homo sapiens", "cell line"=>"HUVEC cell line"	41
369	"name"=>"Sample 3", "pool"=>"RNA pooled from 5 independent cultures of cells exposed to plasma from normal pregnant women", "disease"=>"normal", "organism"=>"Homo sapiens", "cell line"=>"HUVEC cell line"	41
370	"name"=>"Sample 4", "pool"=>"RNA pooled from 5 independent cultures of cells exposed to plasma from normal pregnant women", "disease"=>"normal", "organism"=>"Homo sapiens", "cell line"=>"HUVEC cell line"	41
371	"sex"=>"female", "name"=>"Sample 1", "organism"=>"Homo sapiens", "stimulus"=>"none", "cell type"=>"macrophage", "age of donor"=>"26", "RNA interference"=>"siRNA non-targeting"	42
372	"sex"=>"female", "name"=>"Sample 10", "organism"=>"Homo sapiens", "stimulus"=>"none", "cell type"=>"macrophage", "age of donor"=>"27", "RNA interference"=>"siRNA CD74"	42
373	"sex"=>"female", "name"=>"Sample 11", "organism"=>"Homo sapiens", "stimulus"=>"IL-4", "cell type"=>"macrophage", "age of donor"=>"27", "RNA interference"=>"siRNA non-targeting"	42
374	"sex"=>"female", "name"=>"Sample 12", "organism"=>"Homo sapiens", "stimulus"=>"IL-4", "cell type"=>"macrophage", "age of donor"=>"27", "RNA interference"=>"siRNA CD74"	42
375	"sex"=>"female", "name"=>"Sample 13", "organism"=>"Homo sapiens", "stimulus"=>"none", "cell type"=>"macrophage", "age of donor"=>"23", "RNA interference"=>"siRNA non-targeting"	42
376	"sex"=>"female", "name"=>"Sample 14", "organism"=>"Homo sapiens", "stimulus"=>"none", "cell type"=>"macrophage", "age of donor"=>"23", "RNA interference"=>"siRNA CD74"	42
377	"sex"=>"female", "name"=>"Sample 15", "organism"=>"Homo sapiens", "stimulus"=>"IL-4", "cell type"=>"macrophage", "age of donor"=>"23", "RNA interference"=>"siRNA non-targeting"	42
378	"sex"=>"female", "name"=>"Sample 16", "organism"=>"Homo sapiens", "stimulus"=>"IL-4", "cell type"=>"macrophage", "age of donor"=>"23", "RNA interference"=>"siRNA CD74"	42
379	"sex"=>"female", "name"=>"Sample 17", "organism"=>"Homo sapiens", "stimulus"=>"none", "cell type"=>"macrophage", "age of donor"=>"18", "RNA interference"=>"siRNA non-targeting"	42
380	"sex"=>"female", "name"=>"Sample 18", "organism"=>"Homo sapiens", "stimulus"=>"none", "cell type"=>"macrophage", "age of donor"=>"18", "RNA interference"=>"siRNA CD74"	42
381	"sex"=>"female", "name"=>"Sample 19", "organism"=>"Homo sapiens", "stimulus"=>"IL-4", "cell type"=>"macrophage", "age of donor"=>"18", "RNA interference"=>"siRNA non-targeting"	42
382	"sex"=>"female", "name"=>"Sample 2", "organism"=>"Homo sapiens", "stimulus"=>"none", "cell type"=>"macrophage", "age of donor"=>"26", "RNA interference"=>"siRNA CD74"	42
383	"sex"=>"female", "name"=>"Sample 20", "organism"=>"Homo sapiens", "stimulus"=>"IL-4", "cell type"=>"macrophage", "age of donor"=>"18", "RNA interference"=>"siRNA CD74"	42
384	"sex"=>"female", "name"=>"Sample 21", "organism"=>"Homo sapiens", "stimulus"=>"none", "cell type"=>"macrophage", "age of donor"=>"21", "RNA interference"=>"siRNA non-targeting"	42
385	"sex"=>"female", "name"=>"Sample 22", "organism"=>"Homo sapiens", "stimulus"=>"none", "cell type"=>"macrophage", "age of donor"=>"21", "RNA interference"=>"siRNA CD74"	42
386	"sex"=>"female", "name"=>"Sample 23", "organism"=>"Homo sapiens", "stimulus"=>"IL-4", "cell type"=>"macrophage", "age of donor"=>"21", "RNA interference"=>"siRNA non-targeting"	42
387	"sex"=>"female", "name"=>"Sample 24", "organism"=>"Homo sapiens", "stimulus"=>"IL-4", "cell type"=>"macrophage", "age of donor"=>"21", "RNA interference"=>"siRNA CD74"	42
388	"sex"=>"female", "name"=>"Sample 3", "organism"=>"Homo sapiens", "stimulus"=>"IL-4", "cell type"=>"macrophage", "age of donor"=>"26", "RNA interference"=>"siRNA non-targeting"	42
389	"sex"=>"female", "name"=>"Sample 4", "organism"=>"Homo sapiens", "stimulus"=>"IL-4", "cell type"=>"macrophage", "age of donor"=>"26", "RNA interference"=>"siRNA CD74"	42
390	"sex"=>"female", "name"=>"Sample 5", "organism"=>"Homo sapiens", "stimulus"=>"none", "cell type"=>"macrophage", "age of donor"=>"23", "RNA interference"=>"siRNA non-targeting"	42
391	"sex"=>"female", "name"=>"Sample 6", "organism"=>"Homo sapiens", "stimulus"=>"none", "cell type"=>"macrophage", "age of donor"=>"23", "RNA interference"=>"siRNA CD74"	42
392	"sex"=>"female", "name"=>"Sample 7", "organism"=>"Homo sapiens", "stimulus"=>"IL-4", "cell type"=>"macrophage", "age of donor"=>"23", "RNA interference"=>"siRNA non-targeting"	42
393	"sex"=>"female", "name"=>"Sample 8", "organism"=>"Homo sapiens", "stimulus"=>"IL-4", "cell type"=>"macrophage", "age of donor"=>"23", "RNA interference"=>"siRNA CD74"	42
394	"sex"=>"female", "name"=>"Sample 9", "organism"=>"Homo sapiens", "stimulus"=>"none", "cell type"=>"macrophage", "age of donor"=>"27", "RNA interference"=>"siRNA non-targeting"	42
395	"name"=>"GSM1314481 1", "cell id"=>"PE P", "organism"=>"Homo sapiens", "cell type"=>"umbilical cord fibroblast", "diagnosis"=>"preeclampsia", "passage #"=>"4"	43
396	"name"=>"GSM1314480 1", "cell id"=>"PE O", "organism"=>"Homo sapiens", "cell type"=>"umbilical cord fibroblast", "diagnosis"=>NULL, "passage #"=>"5"	43
397	"name"=>"GSM1314479 1", "cell id"=>"PE N", "organism"=>"Homo sapiens", "cell type"=>"umbilical cord fibroblast", "diagnosis"=>NULL, "passage #"=>"4"	43
398	"name"=>"GSM1314478 1", "cell id"=>"PE M", "organism"=>"Homo sapiens", "cell type"=>"umbilical cord fibroblast", "diagnosis"=>NULL, "passage #"=>"5"	43
799	"name"=>"GSM1015140 1", "Organism"=>"Homo sapiens", "organism part"=>"Fused Cytotrophoblast cells (syncitiotrophoblast)"	58
1511	"name"=>"GSM515337 1", "tissue"=>"JEG3 choriocarcinoma cell line", "Organism"=>"Homo sapiens"	82
400	"name"=>"GSM1314476 1", "cell id"=>"PE K", "organism"=>"Homo sapiens", "cell type"=>"umbilical cord fibroblast", "diagnosis"=>"preeclampsia", "passage #"=>"4"	43
401	"name"=>"GSM1314475 1", "cell id"=>"PE J", "organism"=>"Homo sapiens", "cell type"=>"umbilical cord fibroblast", "diagnosis"=>"preeclampsia", "passage #"=>"5"	43
402	"name"=>"GSM1314474 1", "cell id"=>"PE I", "organism"=>"Homo sapiens", "cell type"=>"umbilical cord fibroblast", "diagnosis"=>"preeclampsia", "passage #"=>"5"	43
403	"name"=>"GSM1314473 1", "cell id"=>"PE H", "organism"=>"Homo sapiens", "cell type"=>"umbilical cord fibroblast", "diagnosis"=>"preeclampsia", "passage #"=>"5"	43
404	"name"=>"GSM1314472 1", "cell id"=>"PE G", "organism"=>"Homo sapiens", "cell type"=>"umbilical cord fibroblast", "diagnosis"=>"preeclampsia", "passage #"=>"5"	43
405	"name"=>"GSM1314471 1", "cell id"=>"PE F", "organism"=>"Homo sapiens", "cell type"=>"umbilical cord fibroblast", "diagnosis"=>"preeclampsia", "passage #"=>"5"	43
406	"name"=>"GSM1314470 1", "cell id"=>"PE D", "organism"=>"Homo sapiens", "cell type"=>"umbilical cord fibroblast", "diagnosis"=>"preeclampsia", "passage #"=>"5"	43
407	"name"=>"GSM1314469 1", "cell id"=>"PE C", "organism"=>"Homo sapiens", "cell type"=>"umbilical cord fibroblast", "diagnosis"=>"preeclampsia", "passage #"=>"3"	43
408	"name"=>"GSM1314468 1", "cell id"=>"PE B", "organism"=>"Homo sapiens", "cell type"=>"umbilical cord fibroblast", "diagnosis"=>"preeclampsia", "passage #"=>"6"	43
409	"name"=>"GSM1314467 1", "cell id"=>"PE A", "organism"=>"Homo sapiens", "cell type"=>"umbilical cord fibroblast", "diagnosis"=>"preeclampsia", "passage #"=>"5"	43
410	"name"=>"GSM1314466 1", "cell id"=>"CTL #10", "organism"=>"Homo sapiens", "cell type"=>"umbilical cord fibroblast", "diagnosis"=>"preeclampsia", "passage #"=>"5"	43
411	"name"=>"GSM1314465 1", "cell id"=>"CTL #9", "organism"=>"Homo sapiens", "cell type"=>"umbilical cord fibroblast", "diagnosis"=>"preeclampsia", "passage #"=>"5"	43
412	"name"=>"GSM1314464 1", "cell id"=>"CTL #8", "organism"=>"Homo sapiens", "cell type"=>"umbilical cord fibroblast", "diagnosis"=>"preeclampsia", "passage #"=>"5"	43
413	"name"=>"GSM1314463 1", "cell id"=>"CTL #7", "organism"=>"Homo sapiens", "cell type"=>"umbilical cord fibroblast", "diagnosis"=>"preeclampsia", "passage #"=>"5"	43
414	"name"=>"GSM1314462 1", "cell id"=>"CTL #6", "organism"=>"Homo sapiens", "cell type"=>"umbilical cord fibroblast", "diagnosis"=>"preeclampsia", "passage #"=>"5"	43
415	"name"=>"GSM1314461 1", "cell id"=>"CTL #5", "organism"=>"Homo sapiens", "cell type"=>"umbilical cord fibroblast", "diagnosis"=>"preeclampsia", "passage #"=>"4"	43
416	"name"=>"GSM1314460 1", "cell id"=>"CTL #4", "organism"=>"Homo sapiens", "cell type"=>"umbilical cord fibroblast", "diagnosis"=>"preeclampsia", "passage #"=>"4"	43
417	"name"=>"GSM1314459 1", "cell id"=>"CTL #3", "organism"=>"Homo sapiens", "cell type"=>"umbilical cord fibroblast", "diagnosis"=>"preeclampsia", "passage #"=>"5"	43
418	"name"=>"GSM1314458 1", "cell id"=>"CTL #2", "organism"=>"Homo sapiens", "cell type"=>"umbilical cord fibroblast", "diagnosis"=>"preeclampsia", "passage #"=>"4"	43
419	"name"=>"GSM1314457 1", "cell id"=>"PE P", "organism"=>"Homo sapiens", "cell type"=>"umbilical cord fibroblast", "diagnosis"=>"preeclampsia", "passage #"=>"2"	43
420	"name"=>"GSM1314456 1", "cell id"=>"PE O", "organism"=>"Homo sapiens", "cell type"=>"umbilical cord fibroblast", "diagnosis"=>"preeclampsia", "passage #"=>"3"	43
421	"name"=>"GSM1314455 1", "cell id"=>"PE N", "organism"=>"Homo sapiens", "cell type"=>"umbilical cord fibroblast", "diagnosis"=>"preeclampsia", "passage #"=>"2"	43
422	"name"=>"GSM1314454 1", "cell id"=>"PE M", "organism"=>"Homo sapiens", "cell type"=>"umbilical cord fibroblast", "diagnosis"=>"preeclampsia", "passage #"=>"4"	43
423	"name"=>"GSM1314453 1", "cell id"=>"PE K", "organism"=>"Homo sapiens", "cell type"=>"umbilical cord fibroblast", "diagnosis"=>"preeclampsia", "passage #"=>"2"	43
424	"name"=>"GSM1314452 1", "cell id"=>"PE J", "organism"=>"Homo sapiens", "cell type"=>"umbilical cord fibroblast", "diagnosis"=>"preeclampsia", "passage #"=>"4"	43
425	"name"=>"GSM1314451 1", "cell id"=>"PE I", "organism"=>"Homo sapiens", "cell type"=>"umbilical cord fibroblast", "diagnosis"=>"preeclampsia", "passage #"=>"4"	43
426	"name"=>"GSM1314450 1", "cell id"=>"PE H", "organism"=>"Homo sapiens", "cell type"=>"umbilical cord fibroblast", "diagnosis"=>"preeclampsia", "passage #"=>"2"	43
427	"name"=>"GSM1314449 1", "cell id"=>"PE G", "organism"=>"Homo sapiens", "cell type"=>"umbilical cord fibroblast", "diagnosis"=>"preeclampsia", "passage #"=>"4"	43
428	"name"=>"GSM1314448 1", "cell id"=>"PE F", "organism"=>"Homo sapiens", "cell type"=>"umbilical cord fibroblast", "diagnosis"=>"preeclampsia", "passage #"=>"4"	43
429	"name"=>"GSM1314447 1", "cell id"=>"PE D", "organism"=>"Homo sapiens", "cell type"=>"umbilical cord fibroblast", "diagnosis"=>"preeclampsia", "passage #"=>"2"	43
430	"name"=>"GSM1314446 1", "cell id"=>"PE C", "organism"=>"Homo sapiens", "cell type"=>"umbilical cord fibroblast", "diagnosis"=>"preeclampsia", "passage #"=>"1"	43
431	"name"=>"GSM1314445 1", "cell id"=>"PE B", "organism"=>"Homo sapiens", "cell type"=>"umbilical cord fibroblast", "diagnosis"=>"preeclampsia", "passage #"=>"4"	43
432	"name"=>"GSM1314444 1", "cell id"=>"PE A", "organism"=>"Homo sapiens", "cell type"=>"umbilical cord fibroblast", "diagnosis"=>"preeclampsia", "passage #"=>"3"	43
433	"name"=>"GSM1314443 1", "cell id"=>"CTL #10", "organism"=>"Homo sapiens", "cell type"=>"umbilical cord fibroblast", "diagnosis"=>"healthy", "passage #"=>"5"	43
434	"name"=>"GSM1314442 1", "cell id"=>"CTL #9", "organism"=>"Homo sapiens", "cell type"=>"umbilical cord fibroblast", "diagnosis"=>"healthy", "passage #"=>"4"	43
435	"name"=>"GSM1314441 1", "cell id"=>"CTL #8", "organism"=>"Homo sapiens", "cell type"=>"umbilical cord fibroblast", "diagnosis"=>"healthy", "passage #"=>"4"	43
436	"name"=>"GSM1314440 1", "cell id"=>"CTL #7", "organism"=>"Homo sapiens", "cell type"=>"umbilical cord fibroblast", "diagnosis"=>"healthy", "passage #"=>"4"	43
1103	"name"=>"GSM396433 1", "tissue"=>"placentae", "Organism"=>"Homo sapiens", "phenotype"=>"severe pre-eclampsia"	66
438	"name"=>"GSM1314438 1", "cell id"=>"CTL #5", "organism"=>"Homo sapiens", "cell type"=>"umbilical cord fibroblast", "diagnosis"=>"healthy", "passage #"=>"2"	43
439	"name"=>"GSM1314437 1", "cell id"=>"CTL #4", "organism"=>"Homo sapiens", "cell type"=>"umbilical cord fibroblast", "diagnosis"=>"healthy", "passage #"=>"2"	43
440	"name"=>"GSM1314436 1", "cell id"=>"CTL #3", "organism"=>"Homo sapiens", "cell type"=>"umbilical cord fibroblast", "diagnosis"=>"healthy", "passage #"=>"2"	43
441	"name"=>"GSM1314435 1", "cell id"=>"CTL #2", "organism"=>"Homo sapiens", "cell type"=>"umbilical cord fibroblast", "diagnosis"=>"healthy", "passage #"=>"2"	43
443	"jury"=>"4", "name"=>"GSM1432448 1", "organism"=>"Homo sapiens", "fetal sex"=>"female", "nulliparous"=>"0", "maternal race"=>"White", "organism part"=>"placenta", "uric acid mg/dl"=>"5.8", "pre-pregancy bmi"=>"35.94", "maternal age years"=>"30.10", "systolic bp <20 weeks mmhg"=>"123", "diastolic bp <20 weeks mmhg"=>"84", "systolic bp at delivery mmhg"=>"160", "diastolic bp at delivery mmhg"=>"113", "gestational age at delivery weeks"=>"28.14"	44
444	"jury"=>"4", "name"=>"GSM1432447 1", "organism"=>"Homo sapiens", "fetal sex"=>"male", "nulliparous"=>"0", "maternal race"=>"White", "organism part"=>"placenta", "uric acid mg/dl"=>"6.6", "pre-pregancy bmi"=>"26.68", "maternal age years"=>"27.78", "systolic bp <20 weeks mmhg"=>"123", "diastolic bp <20 weeks mmhg"=>"77", "systolic bp at delivery mmhg"=>"152", "diastolic bp at delivery mmhg"=>"95", "gestational age at delivery weeks"=>"32.57"	44
445	"jury"=>"4", "name"=>"GSM1432446 1", "organism"=>"Homo sapiens", "fetal sex"=>"male", "nulliparous"=>"0", "maternal race"=>"White", "organism part"=>"placenta", "uric acid mg/dl"=>"6.6", "pre-pregancy bmi"=>"21.99", "maternal age years"=>"25.95", "systolic bp <20 weeks mmhg"=>"114", "diastolic bp <20 weeks mmhg"=>"70", "systolic bp at delivery mmhg"=>"146", "diastolic bp at delivery mmhg"=>"86", "gestational age at delivery weeks"=>"40.57"	44
446	"jury"=>"4.1", "name"=>"GSM1432445 1", "organism"=>"Homo sapiens", "fetal sex"=>"male", "nulliparous"=>"0", "maternal race"=>"White", "organism part"=>"placenta", "uric acid mg/dl"=>"5.6", "pre-pregancy bmi"=>"28.30", "maternal age years"=>"30.74", "systolic bp <20 weeks mmhg"=>"135", "diastolic bp <20 weeks mmhg"=>"78", "systolic bp at delivery mmhg"=>"162", "diastolic bp at delivery mmhg"=>"100", "gestational age at delivery weeks"=>"31.43"	44
447	"jury"=>"4.5", "name"=>"GSM1432444 1", "organism"=>"Homo sapiens", "fetal sex"=>"female", "nulliparous"=>"0", "maternal race"=>"White", "organism part"=>"placenta", "uric acid mg/dl"=>"7.8", "pre-pregancy bmi"=>"24.99", "maternal age years"=>"32.65", "systolic bp <20 weeks mmhg"=>"113", "diastolic bp <20 weeks mmhg"=>"71", "systolic bp at delivery mmhg"=>"164", "diastolic bp at delivery mmhg"=>"99", "gestational age at delivery weeks"=>"35.00"	44
448	"jury"=>"4", "name"=>"GSM1432443 1", "organism"=>"Homo sapiens", "fetal sex"=>"female", "nulliparous"=>"0", "maternal race"=>"White", "organism part"=>"placenta", "uric acid mg/dl"=>"6.6", "pre-pregancy bmi"=>"21.68", "maternal age years"=>"32.45", "systolic bp <20 weeks mmhg"=>"na", "diastolic bp <20 weeks mmhg"=>"na", "systolic bp at delivery mmhg"=>"156", "diastolic bp at delivery mmhg"=>"102", "gestational age at delivery weeks"=>"33.29"	44
449	"jury"=>"4.3", "name"=>"GSM1432442 1", "organism"=>"Homo sapiens", "fetal sex"=>"male", "nulliparous"=>"0", "maternal race"=>"White", "organism part"=>"placenta", "uric acid mg/dl"=>"6.6", "pre-pregancy bmi"=>"24.50", "maternal age years"=>"37.62", "systolic bp <20 weeks mmhg"=>"na", "diastolic bp <20 weeks mmhg"=>"na", "systolic bp at delivery mmhg"=>"154", "diastolic bp at delivery mmhg"=>"98", "gestational age at delivery weeks"=>"34.71"	44
450	"jury"=>"4", "name"=>"GSM1432441 1", "organism"=>"Homo sapiens", "fetal sex"=>"male", "nulliparous"=>"0", "maternal race"=>"White", "organism part"=>"placenta", "uric acid mg/dl"=>"5.9", "pre-pregancy bmi"=>"25.01", "maternal age years"=>"36.81", "systolic bp <20 weeks mmhg"=>"120", "diastolic bp <20 weeks mmhg"=>"76", "systolic bp at delivery mmhg"=>"138", "diastolic bp at delivery mmhg"=>"94", "gestational age at delivery weeks"=>"37.71"	44
451	"jury"=>"4.4", "name"=>"GSM1432440 1", "organism"=>"Homo sapiens", "fetal sex"=>"female", "nulliparous"=>"0", "maternal race"=>"White", "organism part"=>"placenta", "uric acid mg/dl"=>"5", "pre-pregancy bmi"=>"23.77", "maternal age years"=>"31.30", "systolic bp <20 weeks mmhg"=>"133", "diastolic bp <20 weeks mmhg"=>"72", "systolic bp at delivery mmhg"=>"159", "diastolic bp at delivery mmhg"=>"100", "gestational age at delivery weeks"=>"34.43"	44
452	"jury"=>"4", "name"=>"GSM1432439 1", "organism"=>"Homo sapiens", "fetal sex"=>"female", "nulliparous"=>"0", "maternal race"=>"White", "organism part"=>"placenta", "uric acid mg/dl"=>"5.9", "pre-pregancy bmi"=>"23.45", "maternal age years"=>"27.49", "systolic bp <20 weeks mmhg"=>"100", "diastolic bp <20 weeks mmhg"=>"64", "systolic bp at delivery mmhg"=>"142", "diastolic bp at delivery mmhg"=>"85", "gestational age at delivery weeks"=>"37.57"	44
453	"jury"=>"4.1", "name"=>"GSM1432438 1", "organism"=>"Homo sapiens", "fetal sex"=>"female", "nulliparous"=>"0", "maternal race"=>"White", "organism part"=>"placenta", "uric acid mg/dl"=>"6.4", "pre-pregancy bmi"=>"25.88", "maternal age years"=>"32.87", "systolic bp <20 weeks mmhg"=>"112", "diastolic bp <20 weeks mmhg"=>"62", "systolic bp at delivery mmhg"=>"160", "diastolic bp at delivery mmhg"=>"92", "gestational age at delivery weeks"=>"32.57"	44
454	"jury"=>"4", "name"=>"GSM1432437 1", "organism"=>"Homo sapiens", "fetal sex"=>"male", "nulliparous"=>"0", "maternal race"=>"White", "organism part"=>"placenta", "uric acid mg/dl"=>"6.4", "pre-pregancy bmi"=>"20.64", "maternal age years"=>"17.88", "systolic bp <20 weeks mmhg"=>"105", "diastolic bp <20 weeks mmhg"=>"72", "systolic bp at delivery mmhg"=>"139", "diastolic bp at delivery mmhg"=>"94", "gestational age at delivery weeks"=>"40.00"	44
455	"jury"=>"4", "name"=>"GSM1432436 1", "organism"=>"Homo sapiens", "fetal sex"=>"male", "nulliparous"=>"0", "maternal race"=>"Black", "organism part"=>"placenta", "uric acid mg/dl"=>"7.1", "pre-pregancy bmi"=>"30.18", "maternal age years"=>"19.33", "systolic bp <20 weeks mmhg"=>"104", "diastolic bp <20 weeks mmhg"=>"65", "systolic bp at delivery mmhg"=>"142", "diastolic bp at delivery mmhg"=>"85", "gestational age at delivery weeks"=>"41.43"	44
457	"jury"=>"4", "name"=>"GSM1432434 1", "organism"=>"Homo sapiens", "fetal sex"=>"male", "nulliparous"=>"0", "maternal race"=>"White", "organism part"=>"placenta", "uric acid mg/dl"=>"5.8", "pre-pregancy bmi"=>"32.52", "maternal age years"=>"18.78", "systolic bp <20 weeks mmhg"=>"113", "diastolic bp <20 weeks mmhg"=>"72", "systolic bp at delivery mmhg"=>"144", "diastolic bp at delivery mmhg"=>"91", "gestational age at delivery weeks"=>"40.00"	44
458	"jury"=>"4.3", "name"=>"GSM1432433 1", "organism"=>"Homo sapiens", "fetal sex"=>"female", "nulliparous"=>"0", "maternal race"=>"Black", "organism part"=>"placenta", "uric acid mg/dl"=>"6", "pre-pregancy bmi"=>"20.53", "maternal age years"=>"19.61", "systolic bp <20 weeks mmhg"=>"na", "diastolic bp <20 weeks mmhg"=>"na", "systolic bp at delivery mmhg"=>"153", "diastolic bp at delivery mmhg"=>"85", "gestational age at delivery weeks"=>"33.71"	44
459	"jury"=>"4", "name"=>"GSM1432432 1", "organism"=>"Homo sapiens", "fetal sex"=>"male", "nulliparous"=>"0", "maternal race"=>"Nat Amer", "organism part"=>"placenta", "uric acid mg/dl"=>"5.9", "pre-pregancy bmi"=>"23.08", "maternal age years"=>"20.34", "systolic bp <20 weeks mmhg"=>"100", "diastolic bp <20 weeks mmhg"=>"63", "systolic bp at delivery mmhg"=>"140", "diastolic bp at delivery mmhg"=>"96", "gestational age at delivery weeks"=>"40.14"	44
460	"jury"=>"4.1", "name"=>"GSM1432431 1", "organism"=>"Homo sapiens", "fetal sex"=>"female", "nulliparous"=>"0", "maternal race"=>"Black", "organism part"=>"placenta", "uric acid mg/dl"=>"4", "pre-pregancy bmi"=>"25.74", "maternal age years"=>"17.77", "systolic bp <20 weeks mmhg"=>"115", "diastolic bp <20 weeks mmhg"=>"58", "systolic bp at delivery mmhg"=>"153", "diastolic bp at delivery mmhg"=>"115", "gestational age at delivery weeks"=>"27.71"	44
461	"jury"=>"4", "name"=>"GSM1432430 1", "organism"=>"Homo sapiens", "fetal sex"=>"female", "nulliparous"=>"0", "maternal race"=>"White", "organism part"=>"placenta", "uric acid mg/dl"=>"5.6", "pre-pregancy bmi"=>"21.34", "maternal age years"=>"35.10", "systolic bp <20 weeks mmhg"=>"119", "diastolic bp <20 weeks mmhg"=>"73", "systolic bp at delivery mmhg"=>"141", "diastolic bp at delivery mmhg"=>"92", "gestational age at delivery weeks"=>"38.00"	44
462	"jury"=>"4", "name"=>"GSM1432429 1", "organism"=>"Homo sapiens", "fetal sex"=>"female", "nulliparous"=>"0", "maternal race"=>"White", "organism part"=>"placenta", "uric acid mg/dl"=>"6", "pre-pregancy bmi"=>"21.03", "maternal age years"=>"43.11", "systolic bp <20 weeks mmhg"=>"126", "diastolic bp <20 weeks mmhg"=>"80", "systolic bp at delivery mmhg"=>"158", "diastolic bp at delivery mmhg"=>"98", "gestational age at delivery weeks"=>"31.43"	44
463	"jury"=>"4", "name"=>"GSM1432428 1", "organism"=>"Homo sapiens", "fetal sex"=>"male", "nulliparous"=>"0", "maternal race"=>"White", "organism part"=>"placenta", "uric acid mg/dl"=>"7.1", "pre-pregancy bmi"=>"28.85", "maternal age years"=>"32.31", "systolic bp <20 weeks mmhg"=>"122", "diastolic bp <20 weeks mmhg"=>"65", "systolic bp at delivery mmhg"=>"147", "diastolic bp at delivery mmhg"=>"87", "gestational age at delivery weeks"=>"37.29"	44
464	"jury"=>"4", "name"=>"GSM1432427 1", "organism"=>"Homo sapiens", "fetal sex"=>"male", "nulliparous"=>"0", "maternal race"=>"White", "organism part"=>"placenta", "uric acid mg/dl"=>"4.9", "pre-pregancy bmi"=>"20.47", "maternal age years"=>"32.84", "systolic bp <20 weeks mmhg"=>"134", "diastolic bp <20 weeks mmhg"=>"77", "systolic bp at delivery mmhg"=>"157", "diastolic bp at delivery mmhg"=>"97", "gestational age at delivery weeks"=>"36.86"	44
465	"jury"=>"4.3", "name"=>"GSM1432426 1", "organism"=>"Homo sapiens", "fetal sex"=>"male", "nulliparous"=>"0", "maternal race"=>"Black", "organism part"=>"placenta", "uric acid mg/dl"=>"8.2", "pre-pregancy bmi"=>"24.94", "maternal age years"=>"18.71", "systolic bp <20 weeks mmhg"=>"na", "diastolic bp <20 weeks mmhg"=>"na", "systolic bp at delivery mmhg"=>"159", "diastolic bp at delivery mmhg"=>"98", "gestational age at delivery weeks"=>"37.29"	44
466	"jury"=>"6", "name"=>"GSM1432425 1", "organism"=>"Homo sapiens", "fetal sex"=>"female", "nulliparous"=>"0", "maternal race"=>"White", "organism part"=>"placenta", "uric acid mg/dl"=>"2.59999990463257", "pre-pregancy bmi"=>"25.11", "maternal age years"=>"35.43", "systolic bp <20 weeks mmhg"=>"127", "diastolic bp <20 weeks mmhg"=>"78", "systolic bp at delivery mmhg"=>"121", "diastolic bp at delivery mmhg"=>"76", "gestational age at delivery weeks"=>"39.29"	44
467	"jury"=>"6", "name"=>"GSM1432424 1", "organism"=>"Homo sapiens", "fetal sex"=>"female", "nulliparous"=>"0", "maternal race"=>"White", "organism part"=>"placenta", "uric acid mg/dl"=>"n/a", "pre-pregancy bmi"=>"23.22", "maternal age years"=>"28.62", "systolic bp <20 weeks mmhg"=>"110", "diastolic bp <20 weeks mmhg"=>"60", "systolic bp at delivery mmhg"=>"114", "diastolic bp at delivery mmhg"=>"67", "gestational age at delivery weeks"=>"39.14"	44
468	"jury"=>"6", "name"=>"GSM1432423 1", "organism"=>"Homo sapiens", "fetal sex"=>"male", "nulliparous"=>"0", "maternal race"=>"White", "organism part"=>"placenta", "uric acid mg/dl"=>"n/a", "pre-pregancy bmi"=>"36.39", "maternal age years"=>"33.31", "systolic bp <20 weeks mmhg"=>"125", "diastolic bp <20 weeks mmhg"=>"79", "systolic bp at delivery mmhg"=>"129", "diastolic bp at delivery mmhg"=>"64", "gestational age at delivery weeks"=>"38.86"	44
469	"jury"=>"6", "name"=>"GSM1432422 1", "organism"=>"Homo sapiens", "fetal sex"=>"female", "nulliparous"=>"0", "maternal race"=>"Black", "organism part"=>"placenta", "uric acid mg/dl"=>"n/a", "pre-pregancy bmi"=>"22.26", "maternal age years"=>"31.69", "systolic bp <20 weeks mmhg"=>"115", "diastolic bp <20 weeks mmhg"=>"79", "systolic bp at delivery mmhg"=>"117", "diastolic bp at delivery mmhg"=>"66", "gestational age at delivery weeks"=>"40.00"	44
470	"jury"=>"6", "name"=>"GSM1432421 1", "organism"=>"Homo sapiens", "fetal sex"=>"male", "nulliparous"=>"0", "maternal race"=>"White", "organism part"=>"placenta", "uric acid mg/dl"=>"n/a", "pre-pregancy bmi"=>"22.19", "maternal age years"=>"31.83", "systolic bp <20 weeks mmhg"=>"107", "diastolic bp <20 weeks mmhg"=>"70", "systolic bp at delivery mmhg"=>"115", "diastolic bp at delivery mmhg"=>"67", "gestational age at delivery weeks"=>"40.00"	44
471	"jury"=>"6", "name"=>"GSM1432420 1", "organism"=>"Homo sapiens", "fetal sex"=>"female", "nulliparous"=>"0", "maternal race"=>"White", "organism part"=>"placenta", "uric acid mg/dl"=>"n/a", "pre-pregancy bmi"=>"19.65", "maternal age years"=>"26.26", "systolic bp <20 weeks mmhg"=>"113", "diastolic bp <20 weeks mmhg"=>"71", "systolic bp at delivery mmhg"=>"115", "diastolic bp at delivery mmhg"=>"70", "gestational age at delivery weeks"=>"36.57"	44
800	"name"=>"GSM1015139 1", "Organism"=>"Homo sapiens", "organism part"=>"Fused Cytotrophoblast cells (syncitiotrophoblast)"	58
473	"jury"=>"6", "name"=>"GSM1432418 1", "organism"=>"Homo sapiens", "fetal sex"=>"female", "nulliparous"=>"0", "maternal race"=>"White", "organism part"=>"placenta", "uric acid mg/dl"=>"n/a", "pre-pregancy bmi"=>"19.78", "maternal age years"=>"33.49", "systolic bp <20 weeks mmhg"=>"112", "diastolic bp <20 weeks mmhg"=>"69", "systolic bp at delivery mmhg"=>"118", "diastolic bp at delivery mmhg"=>"61", "gestational age at delivery weeks"=>"39.43"	44
474	"jury"=>"6", "name"=>"GSM1432417 1", "organism"=>"Homo sapiens", "fetal sex"=>"female", "nulliparous"=>"0", "maternal race"=>"White", "organism part"=>"placenta", "uric acid mg/dl"=>"n/a", "pre-pregancy bmi"=>"27.86", "maternal age years"=>"20.53", "systolic bp <20 weeks mmhg"=>"n/a", "diastolic bp <20 weeks mmhg"=>"n/a", "systolic bp at delivery mmhg"=>"124", "diastolic bp at delivery mmhg"=>"71", "gestational age at delivery weeks"=>"39.86"	44
475	"jury"=>"6", "name"=>"GSM1432416 1", "organism"=>"Homo sapiens", "fetal sex"=>"male", "nulliparous"=>"0", "maternal race"=>"White", "organism part"=>"placenta", "uric acid mg/dl"=>"n/a", "pre-pregancy bmi"=>"21.30", "maternal age years"=>"29.16", "systolic bp <20 weeks mmhg"=>"101", "diastolic bp <20 weeks mmhg"=>"61", "systolic bp at delivery mmhg"=>"110", "diastolic bp at delivery mmhg"=>"65", "gestational age at delivery weeks"=>"39.00"	44
476	"jury"=>"6", "name"=>"GSM1432415 1", "organism"=>"Homo sapiens", "fetal sex"=>"female", "nulliparous"=>"0", "maternal race"=>"White", "organism part"=>"placenta", "uric acid mg/dl"=>"3.09999990463257", "pre-pregancy bmi"=>"28.21", "maternal age years"=>"25.88", "systolic bp <20 weeks mmhg"=>"115", "diastolic bp <20 weeks mmhg"=>"65", "systolic bp at delivery mmhg"=>"129", "diastolic bp at delivery mmhg"=>"88", "gestational age at delivery weeks"=>"37.71"	44
477	"jury"=>"6", "name"=>"GSM1432414 1", "organism"=>"Homo sapiens", "fetal sex"=>"male", "nulliparous"=>"0", "maternal race"=>"White", "organism part"=>"placenta", "uric acid mg/dl"=>"n/a", "pre-pregancy bmi"=>"26.85", "maternal age years"=>"39.31", "systolic bp <20 weeks mmhg"=>"113", "diastolic bp <20 weeks mmhg"=>"65", "systolic bp at delivery mmhg"=>"98", "diastolic bp at delivery mmhg"=>"68", "gestational age at delivery weeks"=>"40.14"	44
478	"jury"=>"6", "name"=>"GSM1432413 1", "organism"=>"Homo sapiens", "fetal sex"=>"male", "nulliparous"=>"0", "maternal race"=>"White", "organism part"=>"placenta", "uric acid mg/dl"=>"n/a", "pre-pregancy bmi"=>"21.08", "maternal age years"=>"25.95", "systolic bp <20 weeks mmhg"=>"n/a", "diastolic bp <20 weeks mmhg"=>"n/a", "systolic bp at delivery mmhg"=>"134", "diastolic bp at delivery mmhg"=>"85", "gestational age at delivery weeks"=>"41.14"	44
479	"jury"=>"6", "name"=>"GSM1432412 1", "organism"=>"Homo sapiens", "fetal sex"=>"male", "nulliparous"=>"0", "maternal race"=>"White", "organism part"=>"placenta", "uric acid mg/dl"=>"n/a", "pre-pregancy bmi"=>"18.28", "maternal age years"=>"31.92", "systolic bp <20 weeks mmhg"=>"109", "diastolic bp <20 weeks mmhg"=>"69", "systolic bp at delivery mmhg"=>"122", "diastolic bp at delivery mmhg"=>"74", "gestational age at delivery weeks"=>"39.29"	44
480	"jury"=>"6", "name"=>"GSM1432411 1", "organism"=>"Homo sapiens", "fetal sex"=>"male", "nulliparous"=>"0", "maternal race"=>"White", "organism part"=>"placenta", "uric acid mg/dl"=>"n/a", "pre-pregancy bmi"=>"22.72", "maternal age years"=>"19.22", "systolic bp <20 weeks mmhg"=>"103", "diastolic bp <20 weeks mmhg"=>"65", "systolic bp at delivery mmhg"=>"128", "diastolic bp at delivery mmhg"=>"76", "gestational age at delivery weeks"=>"39.57"	44
481	"jury"=>"6", "name"=>"GSM1432410 1", "organism"=>"Homo sapiens", "fetal sex"=>"male", "nulliparous"=>"0", "maternal race"=>"White", "organism part"=>"placenta", "uric acid mg/dl"=>"n/a", "pre-pregancy bmi"=>"21.28", "maternal age years"=>"22.00", "systolic bp <20 weeks mmhg"=>"122", "diastolic bp <20 weeks mmhg"=>"66", "systolic bp at delivery mmhg"=>"137", "diastolic bp at delivery mmhg"=>"72", "gestational age at delivery weeks"=>"39.57"	44
482	"jury"=>"6", "name"=>"GSM1432409 1", "organism"=>"Homo sapiens", "fetal sex"=>"female", "nulliparous"=>"0", "maternal race"=>"White", "organism part"=>"placenta", "uric acid mg/dl"=>"n/a", "pre-pregancy bmi"=>"21.79", "maternal age years"=>"26.46", "systolic bp <20 weeks mmhg"=>"127", "diastolic bp <20 weeks mmhg"=>"75", "systolic bp at delivery mmhg"=>"102", "diastolic bp at delivery mmhg"=>"80", "gestational age at delivery weeks"=>"38.29"	44
483	"jury"=>"6", "name"=>"GSM1432408 1", "organism"=>"Homo sapiens", "fetal sex"=>"male", "nulliparous"=>"1", "maternal race"=>"Black", "organism part"=>"placenta", "uric acid mg/dl"=>"5.69999980926514", "pre-pregancy bmi"=>"32.56", "maternal age years"=>"29.94", "systolic bp <20 weeks mmhg"=>"124", "diastolic bp <20 weeks mmhg"=>"75", "systolic bp at delivery mmhg"=>"152", "diastolic bp at delivery mmhg"=>"99", "gestational age at delivery weeks"=>"39.71"	44
484	"jury"=>"6", "name"=>"GSM1432407 1", "organism"=>"Homo sapiens", "fetal sex"=>"male", "nulliparous"=>"0", "maternal race"=>"White", "organism part"=>"placenta", "uric acid mg/dl"=>"4", "pre-pregancy bmi"=>"24.33", "maternal age years"=>"37.32", "systolic bp <20 weeks mmhg"=>"110", "diastolic bp <20 weeks mmhg"=>"68", "systolic bp at delivery mmhg"=>"133", "diastolic bp at delivery mmhg"=>"86", "gestational age at delivery weeks"=>"40.57"	44
485	"jury"=>"6", "name"=>"GSM1432406 1", "organism"=>"Homo sapiens", "fetal sex"=>"female", "nulliparous"=>"0", "maternal race"=>"White", "organism part"=>"placenta", "uric acid mg/dl"=>"n/a", "pre-pregancy bmi"=>"20.40", "maternal age years"=>"28.33", "systolic bp <20 weeks mmhg"=>"110", "diastolic bp <20 weeks mmhg"=>"72", "systolic bp at delivery mmhg"=>"121", "diastolic bp at delivery mmhg"=>"76", "gestational age at delivery weeks"=>"37.86"	44
486	"jury"=>"6", "name"=>"GSM1432405 1", "organism"=>"Homo sapiens", "fetal sex"=>"female", "nulliparous"=>"0", "maternal race"=>"Black", "organism part"=>"placenta", "uric acid mg/dl"=>"n/a", "pre-pregancy bmi"=>"31.13", "maternal age years"=>"33.02", "systolic bp <20 weeks mmhg"=>"125", "diastolic bp <20 weeks mmhg"=>"75", "systolic bp at delivery mmhg"=>"130", "diastolic bp at delivery mmhg"=>"80", "gestational age at delivery weeks"=>"37.86"	44
487	"jury"=>"6", "name"=>"GSM1432404 1", "organism"=>"Homo sapiens", "fetal sex"=>"male", "nulliparous"=>"0", "maternal race"=>"White", "organism part"=>"placenta", "uric acid mg/dl"=>"n/a", "pre-pregancy bmi"=>"19.78", "maternal age years"=>"33.17", "systolic bp <20 weeks mmhg"=>"118", "diastolic bp <20 weeks mmhg"=>"67", "systolic bp at delivery mmhg"=>"130", "diastolic bp at delivery mmhg"=>"63", "gestational age at delivery weeks"=>"40.86"	44
1052	"dose"=>"600", "name"=>"GSM786380 1", "unit"=>"nM", "ligand"=>"CoCl2", "Organism"=>"Homo sapiens", "cell line"=>"Swan 71"	64
489	"jury"=>"6", "name"=>"GSM1432402 1", "organism"=>"Homo sapiens", "fetal sex"=>"female", "nulliparous"=>"0", "maternal race"=>"White", "organism part"=>"placenta", "uric acid mg/dl"=>"n/a", "pre-pregancy bmi"=>"24.50", "maternal age years"=>"35.93", "systolic bp <20 weeks mmhg"=>"n/a", "diastolic bp <20 weeks mmhg"=>"n/a", "systolic bp at delivery mmhg"=>"114", "diastolic bp at delivery mmhg"=>"64", "gestational age at delivery weeks"=>"37.14"	44
490	"name"=>"GSM1388274 1", "organism"=>"Homo sapiens", "disease state"=>"preeclampsia", "organism part"=>"placenta", "gestational classification"=>"Preterm"	45
491	"name"=>"GSM1388273 1", "organism"=>"Homo sapiens", "disease state"=>"preeclampsia", "organism part"=>"placenta", "gestational classification"=>"Preterm"	45
492	"name"=>"GSM1388272 1", "organism"=>"Homo sapiens", "disease state"=>"preeclampsia", "organism part"=>"placenta", "gestational classification"=>"Preterm"	45
493	"name"=>"GSM1388271 1", "organism"=>"Homo sapiens", "disease state"=>"preeclampsia", "organism part"=>"placenta", "gestational classification"=>"Preterm"	45
494	"name"=>"GSM1388270 1", "organism"=>"Homo sapiens", "disease state"=>"preeclampsia", "organism part"=>"placenta", "gestational classification"=>"Preterm"	45
495	"name"=>"GSM1388269 1", "organism"=>"Homo sapiens", "disease state"=>"preeclampsia", "organism part"=>"placenta", "gestational classification"=>"Term"	45
496	"name"=>"GSM1388268 1", "organism"=>"Homo sapiens", "disease state"=>"preeclampsia", "organism part"=>"placenta", "gestational classification"=>"Term"	45
497	"name"=>"GSM1388267 1", "organism"=>"Homo sapiens", "disease state"=>"preeclampsia", "organism part"=>"placenta", "gestational classification"=>"Term"	45
498	"name"=>"GSM1388266 1", "organism"=>"Homo sapiens", "disease state"=>"preeclampsia", "organism part"=>"placenta", "gestational classification"=>"Preterm"	45
499	"name"=>"GSM1388265 1", "organism"=>"Homo sapiens", "disease state"=>"preeclampsia", "organism part"=>"placenta", "gestational classification"=>"Term"	45
500	"name"=>"GSM1388264 1", "organism"=>"Homo sapiens", "disease state"=>"preeclampsia", "organism part"=>"placenta", "gestational classification"=>"Preterm"	45
501	"name"=>"GSM1388263 1", "organism"=>"Homo sapiens", "disease state"=>"preeclampsia", "organism part"=>"placenta", "gestational classification"=>"Term"	45
502	"name"=>"GSM1388262 1", "organism"=>"Homo sapiens", "disease state"=>"preeclampsia", "organism part"=>"placenta", "gestational classification"=>"Preterm"	45
503	"name"=>"GSM1388261 1", "organism"=>"Homo sapiens", "disease state"=>"preeclampsia", "organism part"=>"placenta", "gestational classification"=>"Term"	45
504	"name"=>"GSM1388260 1", "organism"=>"Homo sapiens", "disease state"=>"preeclampsia", "organism part"=>"placenta", "gestational classification"=>"Term"	45
505	"name"=>"GSM1388259 1", "organism"=>"Homo sapiens", "disease state"=>"preeclampsia", "organism part"=>"placenta", "gestational classification"=>"Term"	45
506	"name"=>"GSM1388258 1", "organism"=>"Homo sapiens", "disease state"=>"preeclampsia", "organism part"=>"placenta", "gestational classification"=>"Preterm"	45
507	"name"=>"GSM1388257 1", "organism"=>"Homo sapiens", "disease state"=>"preeclampsia", "organism part"=>"placenta", "gestational classification"=>"Term"	45
508	"name"=>"GSM1388256 1", "organism"=>"Homo sapiens", "disease state"=>"preeclampsia", "organism part"=>"placenta", "gestational classification"=>"Term"	45
509	"name"=>"GSM1388255 1", "organism"=>"Homo sapiens", "disease state"=>"preeclampsia", "organism part"=>"placenta", "gestational classification"=>"Term"	45
510	"name"=>"GSM1388254 1", "organism"=>"Homo sapiens", "disease state"=>"preeclampsia", "organism part"=>"placenta", "gestational classification"=>"Term"	45
511	"name"=>"GSM1388253 1", "organism"=>"Homo sapiens", "disease state"=>"preeclampsia", "organism part"=>"placenta", "gestational classification"=>"Term"	45
512	"name"=>"GSM1388252 1", "organism"=>"Homo sapiens", "disease state"=>"preeclampsia", "organism part"=>"placenta", "gestational classification"=>"Preterm"	45
513	"name"=>"GSM1388251 1", "organism"=>"Homo sapiens", "disease state"=>"preeclampsia", "organism part"=>"placenta", "gestational classification"=>"Term"	45
514	"name"=>"GSM1388250 1", "organism"=>"Homo sapiens", "disease state"=>"preeclampsia", "organism part"=>"placenta", "gestational classification"=>"Term"	45
515	"name"=>"GSM1388249 1", "organism"=>"Homo sapiens", "disease state"=>"preeclampsia", "organism part"=>"placenta", "gestational classification"=>"Term"	45
516	"name"=>"GSM1388248 1", "organism"=>"Homo sapiens", "disease state"=>"preeclampsia", "organism part"=>"placenta", "gestational classification"=>"Preterm"	45
517	"name"=>"GSM1388247 1", "organism"=>"Homo sapiens", "disease state"=>"preeclampsia", "organism part"=>"placenta", "gestational classification"=>"Term"	45
518	"name"=>"GSM1388246 1", "organism"=>"Homo sapiens", "disease state"=>"preeclampsia", "organism part"=>"placenta", "gestational classification"=>"Term"	45
519	"name"=>"GSM1388245 1", "organism"=>"Homo sapiens", "disease state"=>"preeclampsia", "organism part"=>"placenta", "gestational classification"=>"Preterm"	45
520	"name"=>"GSM1388244 1", "organism"=>"Homo sapiens", "disease state"=>"preeclampsia", "organism part"=>"placenta", "gestational classification"=>"Term"	45
521	"name"=>"GSM1388243 1", "organism"=>"Homo sapiens", "disease state"=>"normal", "organism part"=>"placenta", "gestational classification"=>"Term"	45
522	"name"=>"GSM1388242 1", "organism"=>"Homo sapiens", "disease state"=>"normal", "organism part"=>"placenta", "gestational classification"=>"Term"	45
523	"name"=>"GSM1388241 1", "organism"=>"Homo sapiens", "disease state"=>"normal", "organism part"=>"placenta", "gestational classification"=>"Term"	45
524	"name"=>"GSM1388240 1", "organism"=>"Homo sapiens", "disease state"=>"normal", "organism part"=>"placenta", "gestational classification"=>"Term"	45
528	"name"=>"GSM1388236 1", "organism"=>"Homo sapiens", "disease state"=>"normal", "organism part"=>"placenta", "gestational classification"=>"Term"	45
529	"name"=>"GSM1388235 1", "organism"=>"Homo sapiens", "disease state"=>"normal", "organism part"=>"placenta", "gestational classification"=>"Term"	45
530	"name"=>"GSM1388234 1", "organism"=>"Homo sapiens", "disease state"=>"normal", "organism part"=>"placenta", "gestational classification"=>"Term"	45
531	"name"=>"GSM1388233 1", "organism"=>"Homo sapiens", "disease state"=>"normal", "organism part"=>"placenta", "gestational classification"=>"Term"	45
532	"name"=>"GSM1388232 1", "organism"=>"Homo sapiens", "disease state"=>"normal", "organism part"=>"placenta", "gestational classification"=>"Term"	45
533	"name"=>"GSM1388231 1", "organism"=>"Homo sapiens", "disease state"=>"normal", "organism part"=>"placenta", "gestational classification"=>"Term"	45
534	"name"=>"GSM1388230 1", "organism"=>"Homo sapiens", "disease state"=>"normal", "organism part"=>"placenta", "gestational classification"=>"Term"	45
535	"age"=>"29", "name"=>"GSM1177811 1", "matching"=>"A", "organism"=>"Homo sapiens", "severity"=>"S", "organism part"=>"blood", "disease status"=>"preeclampsia", "gestational age weeks"=>"35"	46
536	"age"=>"26", "name"=>"GSM1177810 1", "matching"=>"B", "organism"=>"Homo sapiens", "severity"=>"NA", "organism part"=>"blood", "disease status"=>"healthy", "gestational age weeks"=>"36"	46
537	"age"=>"31", "name"=>"GSM1177809 1", "matching"=>"B", "organism"=>"Homo sapiens", "severity"=>"NA", "organism part"=>"blood", "disease status"=>"healthy", "gestational age weeks"=>"38"	46
538	"age"=>"40", "name"=>"GSM1177808 1", "matching"=>"A", "organism"=>"Homo sapiens", "severity"=>"S", "organism part"=>"blood", "disease status"=>"preeclampsia", "gestational age weeks"=>"38"	46
539	"age"=>"29", "name"=>"GSM1177807 1", "matching"=>"A", "organism"=>"Homo sapiens", "severity"=>"S", "organism part"=>"blood", "disease status"=>"preeclampsia", "gestational age weeks"=>"34"	46
540	"age"=>"37", "name"=>"GSM1177806 1", "matching"=>"C", "organism"=>"Homo sapiens", "severity"=>"NS", "organism part"=>"blood", "disease status"=>"preeclampsia", "gestational age weeks"=>"31"	46
541	"age"=>"28", "name"=>"GSM1177805 1", "matching"=>"B", "organism"=>"Homo sapiens", "severity"=>"NA", "organism part"=>"blood", "disease status"=>"healthy", "gestational age weeks"=>"23"	46
542	"age"=>"27", "name"=>"GSM1177804 1", "matching"=>"B", "organism"=>"Homo sapiens", "severity"=>"NA", "organism part"=>"blood", "disease status"=>"healthy", "gestational age weeks"=>"40"	46
543	"age"=>"27", "name"=>"GSM1177803 1", "matching"=>"A", "organism"=>"Homo sapiens", "severity"=>"S", "organism part"=>"blood", "disease status"=>"preeclampsia", "gestational age weeks"=>"33"	46
544	"age"=>"34", "name"=>"GSM1177802 1", "matching"=>"B", "organism"=>"Homo sapiens", "severity"=>"NA", "organism part"=>"blood", "disease status"=>"healthy", "gestational age weeks"=>"38"	46
545	"age"=>"29", "name"=>"GSM1177801 1", "matching"=>"B", "organism"=>"Homo sapiens", "severity"=>"NA", "organism part"=>"blood", "disease status"=>"healthy", "gestational age weeks"=>"18"	46
546	"age"=>"26", "name"=>"GSM1177800 1", "matching"=>"B", "organism"=>"Homo sapiens", "severity"=>"NA", "organism part"=>"blood", "disease status"=>"healthy", "gestational age weeks"=>"16"	46
547	"age"=>"29", "name"=>"GSM1177799 1", "matching"=>"B", "organism"=>"Homo sapiens", "severity"=>"NA", "organism part"=>"blood", "disease status"=>"healthy", "gestational age weeks"=>"31"	46
548	"age"=>"23", "name"=>"GSM1177798 1", "matching"=>"B", "organism"=>"Homo sapiens", "severity"=>"NA", "organism part"=>"blood", "disease status"=>"healthy", "gestational age weeks"=>"31"	46
549	"age"=>"43", "name"=>"GSM1177797 1", "matching"=>"C", "organism"=>"Homo sapiens", "severity"=>"NS", "organism part"=>"blood", "disease status"=>"preeclampsia", "gestational age weeks"=>"34"	46
550	"age"=>"38", "name"=>"GSM1177796 1", "matching"=>"A", "organism"=>"Homo sapiens", "severity"=>"S", "organism part"=>"blood", "disease status"=>"preeclampsia", "gestational age weeks"=>"37"	46
551	"age"=>"31", "name"=>"GSM1177795 1", "matching"=>"B", "organism"=>"Homo sapiens", "severity"=>"NA", "organism part"=>"blood", "disease status"=>"healthy", "gestational age weeks"=>"33"	46
552	"age"=>"33", "name"=>"GSM1177794 1", "matching"=>"A", "organism"=>"Homo sapiens", "severity"=>"S", "organism part"=>"blood", "disease status"=>"preeclampsia", "gestational age weeks"=>"33"	46
553	"age"=>"33", "name"=>"GSM1177793 1", "matching"=>"B", "organism"=>"Homo sapiens", "severity"=>"NA", "organism part"=>"blood", "disease status"=>"healthy", "gestational age weeks"=>"37"	46
554	"age"=>"21", "name"=>"GSM1177792 1", "matching"=>"A", "organism"=>"Homo sapiens", "severity"=>"S", "organism part"=>"blood", "disease status"=>"preeclampsia", "gestational age weeks"=>"31"	46
555	"age"=>"28", "name"=>"GSM1177791 1", "matching"=>"C", "organism"=>"Homo sapiens", "severity"=>"NS", "organism part"=>"blood", "disease status"=>"preeclampsia", "gestational age weeks"=>"36"	46
556	"age"=>"32", "name"=>"GSM1177790 1", "matching"=>"A", "organism"=>"Homo sapiens", "severity"=>"S", "organism part"=>"blood", "disease status"=>"preeclampsia", "gestational age weeks"=>"34"	46
557	"age"=>"27", "name"=>"GSM1177789 1", "matching"=>"B", "organism"=>"Homo sapiens", "severity"=>"NA", "organism part"=>"blood", "disease status"=>"healthy", "gestational age weeks"=>"34"	46
558	"age"=>"31", "name"=>"GSM1177788 1", "matching"=>"C", "organism"=>"Homo sapiens", "severity"=>"NS", "organism part"=>"blood", "disease status"=>"preeclampsia", "gestational age weeks"=>"34"	46
559	"age"=>"27", "name"=>"GSM1177787 1", "matching"=>"A", "organism"=>"Homo sapiens", "severity"=>"S", "organism part"=>"blood", "disease status"=>"preeclampsia", "gestational age weeks"=>"29"	46
560	"age"=>"34", "name"=>"GSM1177786 1", "matching"=>"C", "organism"=>"Homo sapiens", "severity"=>"NS", "organism part"=>"blood", "disease status"=>"preeclampsia", "gestational age weeks"=>"36"	46
561	"age"=>"21", "name"=>"GSM1177785 1", "matching"=>"A", "organism"=>"Homo sapiens", "severity"=>"S", "organism part"=>"blood", "disease status"=>"preeclampsia", "gestational age weeks"=>"27"	46
1159	"name"=>"GSM594064 1", "tissue"=>"placenta", "Organism"=>"Homo sapiens", "disease state"=>"preeclampsia"	69
1512	"name"=>"GSM515336 1", "tissue"=>"HTR-8/SVneo cell line", "Organism"=>"Homo sapiens"	82
563	"age"=>"21", "name"=>"GSM1177783 1", "matching"=>"B", "organism"=>"Homo sapiens", "severity"=>"NA", "organism part"=>"blood", "disease status"=>"healthy", "gestational age weeks"=>"34"	46
564	"age"=>"23", "name"=>"GSM1177782 1", "matching"=>"B", "organism"=>"Homo sapiens", "severity"=>"NA", "organism part"=>"blood", "disease status"=>"healthy", "gestational age weeks"=>"38"	46
565	"age"=>"27", "name"=>"GSM1177781 1", "matching"=>"A", "organism"=>"Homo sapiens", "severity"=>"S", "organism part"=>"blood", "disease status"=>"preeclampsia", "gestational age weeks"=>"31"	46
566	"age"=>"28", "name"=>"GSM1177780 1", "matching"=>"B", "organism"=>"Homo sapiens", "severity"=>"NA", "organism part"=>"blood", "disease status"=>"healthy", "gestational age weeks"=>"34"	46
567	"age"=>"30", "name"=>"GSM1177779 1", "matching"=>"A", "organism"=>"Homo sapiens", "severity"=>"S", "organism part"=>"blood", "disease status"=>"preeclampsia", "gestational age weeks"=>"28"	46
568	"age"=>"25", "name"=>"GSM1177778 1", "matching"=>"B", "organism"=>"Homo sapiens", "severity"=>"NA", "organism part"=>"blood", "disease status"=>"healthy", "gestational age weeks"=>"33"	46
569	"age"=>"32", "name"=>"GSM1177777 1", "matching"=>"B", "organism"=>"Homo sapiens", "severity"=>"NA", "organism part"=>"blood", "disease status"=>"healthy", "gestational age weeks"=>"37"	46
570	"age"=>"32", "name"=>"GSM1177776 1", "matching"=>"A", "organism"=>"Homo sapiens", "severity"=>"S", "organism part"=>"blood", "disease status"=>"preeclampsia", "gestational age weeks"=>"36"	46
571	"name"=>"GSM1373747 1", "group"=>"normal", "organism"=>"Homo sapiens", "organism part"=>"villous tissue"	47
572	"name"=>"GSM1373746 1", "group"=>"normal", "organism"=>"Homo sapiens", "organism part"=>"villous tissue"	47
573	"name"=>"GSM1373745 1", "group"=>"normal", "organism"=>"Homo sapiens", "organism part"=>"villous tissue"	47
574	"name"=>"GSM1373744 1", "group"=>"normal", "organism"=>"Homo sapiens", "organism part"=>"villous tissue"	47
575	"name"=>"GSM1373743 1", "group"=>"preeclamptic", "organism"=>"Homo sapiens", "organism part"=>"villous tissue"	47
576	"name"=>"GSM1373742 1", "group"=>"preeclamptic", "organism"=>"Homo sapiens", "organism part"=>"villous tissue"	47
577	"name"=>"GSM1373741 1", "group"=>"preeclamptic", "organism"=>"Homo sapiens", "organism part"=>"villous tissue"	47
578	"name"=>"GSM1373740 1", "group"=>"preeclamptic", "organism"=>"Homo sapiens", "organism part"=>"villous tissue"	47
579	"name"=>"GSM1373739 1", "group"=>"preeclamptic", "organism"=>"Homo sapiens", "organism part"=>"villous tissue"	47
580	"name"=>"GSM1373738 1", "group"=>"preeclamptic", "organism"=>"Homo sapiens", "organism part"=>"villous tissue"	47
581	"name"=>"GSM1319987 1", "organism"=>"Homo sapiens", "organism part"=>"placenta"	48
582	"name"=>"GSM1319986 1", "organism"=>"Homo sapiens", "organism part"=>"placenta"	48
583	"name"=>"GSM1319985 1", "organism"=>"Homo sapiens", "organism part"=>"placenta"	48
584	"name"=>"GSM1319984 1", "organism"=>"Homo sapiens", "organism part"=>"placenta"	48
585	"name"=>"GSM1319983 1", "organism"=>"Homo sapiens", "organism part"=>"placenta"	48
586	"name"=>"GSM1319982 1", "organism"=>"Homo sapiens", "organism part"=>"placenta"	48
587	"name"=>"GSM1319981 1", "organism"=>"Homo sapiens", "organism part"=>"placenta"	48
588	"name"=>"GSM1319980 1", "organism"=>"Homo sapiens", "organism part"=>"placenta"	48
589	"name"=>"GSM1319979 1", "organism"=>"Homo sapiens", "organism part"=>"placenta"	48
590	"name"=>"GSM1319978 1", "organism"=>"Homo sapiens", "organism part"=>"placenta"	48
591	"name"=>"GSM1319977 1", "organism"=>"Homo sapiens", "organism part"=>"placenta"	48
592	"name"=>"GSM1319976 1", "organism"=>"Homo sapiens", "organism part"=>"placenta"	48
593	"name"=>"GSM1319975 1", "organism"=>"Homo sapiens", "organism part"=>"placenta"	48
594	"name"=>"GSM1319974 1", "organism"=>"Homo sapiens", "organism part"=>"placenta"	48
595	"name"=>"GSM1319973 1", "organism"=>"Homo sapiens", "organism part"=>"placenta"	48
596	"name"=>"GSM1319972 1", "organism"=>"Homo sapiens", "organism part"=>"placenta"	48
597	"name"=>"GSM1319971 1", "organism"=>"Homo sapiens", "organism part"=>"placenta"	48
598	"name"=>"GSM1319970 1", "organism"=>"Homo sapiens", "organism part"=>"placenta"	48
599	"name"=>"GSM1319969 1", "organism"=>"Homo sapiens", "organism part"=>"placenta"	48
600	"name"=>"GSM1319968 1", "organism"=>"Homo sapiens", "organism part"=>"placenta"	48
601	"name"=>"GSM1319967 1", "organism"=>"Homo sapiens", "organism part"=>"placenta"	48
602	"name"=>"GSM1319966 1", "organism"=>"Homo sapiens", "organism part"=>"placenta"	48
603	"name"=>"GSM1319965 1", "organism"=>"Homo sapiens", "organism part"=>"placenta"	48
604	"name"=>"GSM1319964 1", "organism"=>"Homo sapiens", "organism part"=>"placenta"	48
605	"Sex"=>"male", "name"=>"GSM1197690 1", "genotype"=>"control", "organism"=>"Homo sapiens", "organism part"=>"placental chorionic villus", "gestational age weeks"=>"39"	49
606	"Sex"=>"female", "name"=>"GSM1197689 1", "genotype"=>"control", "organism"=>"Homo sapiens", "organism part"=>"placental chorionic villus", "gestational age weeks"=>"37.28"	49
607	"Sex"=>"male", "name"=>"GSM1197688 1", "genotype"=>"control", "organism"=>"Homo sapiens", "organism part"=>"placental chorionic villus", "gestational age weeks"=>"37"	49
608	"Sex"=>"female", "name"=>"GSM1197687 1", "genotype"=>"control", "organism"=>"Homo sapiens", "organism part"=>"placental chorionic villus", "gestational age weeks"=>"36.57"	49
609	"Sex"=>"male", "name"=>"GSM1197686 1", "genotype"=>"control", "organism"=>"Homo sapiens", "organism part"=>"placental chorionic villus", "gestational age weeks"=>"36.42"	49
610	"Sex"=>"male", "name"=>"GSM1197685 1", "genotype"=>"control", "organism"=>"Homo sapiens", "organism part"=>"placental chorionic villus", "gestational age weeks"=>"36.42"	49
1513	"name"=>"GSM515335 1", "tissue"=>"HTR-8/SVneo cell line", "Organism"=>"Homo sapiens"	82
612	"Sex"=>"male", "name"=>"GSM1197683 1", "genotype"=>"control", "organism"=>"Homo sapiens", "organism part"=>"placental chorionic villus", "gestational age weeks"=>"32.43"	49
613	"Sex"=>"male", "name"=>"GSM1197682 1", "genotype"=>"control", "organism"=>"Homo sapiens", "organism part"=>"placental chorionic villus", "gestational age weeks"=>"28"	49
614	"Sex"=>"female", "name"=>"GSM1197681 1", "genotype"=>"control", "organism"=>"Homo sapiens", "organism part"=>"placental chorionic villus", "gestational age weeks"=>"28"	49
615	"Sex"=>"male", "name"=>"GSM1197680 1", "genotype"=>"control", "organism"=>"Homo sapiens", "organism part"=>"placental chorionic villus", "gestational age weeks"=>"10"	49
616	"Sex"=>"male", "name"=>"GSM1197679 1", "genotype"=>"control", "organism"=>"Homo sapiens", "organism part"=>"placental chorionic villus", "gestational age weeks"=>"9"	49
617	"Sex"=>"female", "name"=>"GSM1197678 1", "genotype"=>"control", "organism"=>"Homo sapiens", "organism part"=>"placental chorionic villus", "gestational age weeks"=>"8"	49
618	"Sex"=>"male", "name"=>"GSM1197677 1", "genotype"=>"control", "organism"=>"Homo sapiens", "organism part"=>"placental chorionic villus", "gestational age weeks"=>"7"	49
619	"Sex"=>"female", "name"=>"GSM1197676 1", "genotype"=>"control", "organism"=>"Homo sapiens", "organism part"=>"placental chorionic villus", "gestational age weeks"=>"6"	49
620	"Sex"=>"male", "name"=>"GSM1197675 1", "genotype"=>"trisomy 16", "organism"=>"Homo sapiens", "organism part"=>"placental chorionic villus", "gestational age weeks"=>"6-10"	49
621	"Sex"=>"N/A", "name"=>"GSM1197674 1", "genotype"=>"trisomy 16", "organism"=>"Homo sapiens", "organism part"=>"placental chorionic villus", "gestational age weeks"=>"6-10"	49
622	"Sex"=>"male", "name"=>"GSM1197673 1", "genotype"=>"trisomy 16", "organism"=>"Homo sapiens", "organism part"=>"placental chorionic villus", "gestational age weeks"=>"6"	49
623	"Sex"=>"male", "name"=>"GSM1197672 1", "genotype"=>"trisomy 16", "organism"=>"Homo sapiens", "organism part"=>"placental chorionic villus", "gestational age weeks"=>"6"	49
624	"Sex"=>"male", "name"=>"GSM1197671 1", "genotype"=>"trisomy 16", "organism"=>"Homo sapiens", "organism part"=>"placental chorionic villus", "gestational age weeks"=>"5"	49
625	"Sex"=>"female", "name"=>"GSM1197670 1", "genotype"=>"confined placental mosaicism", "organism"=>"Homo sapiens", "organism part"=>"placental chorionic villus", "gestational age weeks"=>"39"	49
626	"Sex"=>"male", "name"=>"GSM1197669 1", "genotype"=>"confined placental mosaicism", "organism"=>"Homo sapiens", "organism part"=>"placental chorionic villus", "gestational age weeks"=>"37"	49
627	"Sex"=>"male", "name"=>"GSM1197668 1", "genotype"=>"confined placental mosaicism", "organism"=>"Homo sapiens", "organism part"=>"placental chorionic villus", "gestational age weeks"=>"37"	49
628	"Sex"=>"male", "name"=>"GSM1197667 1", "genotype"=>"confined placental mosaicism", "organism"=>"Homo sapiens", "organism part"=>"placental chorionic villus", "gestational age weeks"=>"36"	49
629	"Sex"=>"male", "name"=>"GSM1197666 1", "genotype"=>"confined placental mosaicism", "organism"=>"Homo sapiens", "organism part"=>"placental chorionic villus", "gestational age weeks"=>"36"	49
630	"Sex"=>"female", "name"=>"GSM1197665 1", "genotype"=>"confined placental mosaicism", "organism"=>"Homo sapiens", "organism part"=>"placental chorionic villus", "gestational age weeks"=>"36"	49
631	"Sex"=>"female", "name"=>"GSM1197664 1", "genotype"=>"confined placental mosaicism", "organism"=>"Homo sapiens", "organism part"=>"placental chorionic villus", "gestational age weeks"=>"34"	49
632	"Sex"=>"male", "name"=>"GSM1197663 1", "genotype"=>"confined placental mosaicism", "organism"=>"Homo sapiens", "organism part"=>"placental chorionic villus", "gestational age weeks"=>"33"	49
633	"Sex"=>"female", "name"=>"GSM1197662 1", "genotype"=>"confined placental mosaicism", "organism"=>"Homo sapiens", "organism part"=>"placental chorionic villus", "gestational age weeks"=>"28"	49
634	"Sex"=>"female", "name"=>"GSM1197661 1", "genotype"=>"confined placental mosaicism", "organism"=>"Homo sapiens", "organism part"=>"placental chorionic villus", "gestational age weeks"=>"25"	49
635	"cd14"=>"NO", "name"=>"GSM948997 1", "organism"=>"Homo sapiens", "cell type"=>"MGC", "source placenta"=>"1", "biological replicate"=>"3", "time days of culture"=>"9"	50
636	"cd14"=>"NO", "name"=>"GSM948996 1", "organism"=>"Homo sapiens", "cell type"=>"MGC", "source placenta"=>"2", "biological replicate"=>"3", "time days of culture"=>"9"	50
637	"cd14"=>"YES", "name"=>"GSM948995 1", "organism"=>"Homo sapiens", "cell type"=>"CD14", "source placenta"=>"2", "biological replicate"=>"4", "time days of culture"=>"0"	50
638	"cd14"=>"YES", "name"=>"GSM948994 1", "organism"=>"Homo sapiens", "cell type"=>"CD14", "source placenta"=>"2", "biological replicate"=>"3", "time days of culture"=>"0"	50
639	"cd14"=>"YES", "name"=>"GSM948993 1", "organism"=>"Homo sapiens", "cell type"=>"CD14", "source placenta"=>"1", "biological replicate"=>"2", "time days of culture"=>"0"	50
640	"cd14"=>"NO", "name"=>"GSM948992 1", "organism"=>"Homo sapiens", "cell type"=>"MGC", "source placenta"=>"1", "biological replicate"=>"2", "time days of culture"=>"9"	50
641	"cd14"=>"YES", "name"=>"GSM948991 1", "organism"=>"Homo sapiens", "cell type"=>"CD14", "source placenta"=>"2", "biological replicate"=>"2", "time days of culture"=>"0"	50
642	"cd14"=>"YES", "name"=>"GSM948990 1", "organism"=>"Homo sapiens", "cell type"=>"CD14", "source placenta"=>"1", "biological replicate"=>"1", "time days of culture"=>"0"	50
643	"cd14"=>"NO", "name"=>"GSM948989 1", "organism"=>"Homo sapiens", "cell type"=>"MGC", "source placenta"=>"2", "biological replicate"=>"2", "time days of culture"=>"9"	50
644	"cd14"=>"NO", "name"=>"GSM948988 1", "organism"=>"Homo sapiens", "cell type"=>"MGC", "source placenta"=>"2", "biological replicate"=>"1", "time days of culture"=>"9"	50
645	"cd14"=>"YES", "name"=>"GSM948987 1", "organism"=>"Homo sapiens", "cell type"=>"CD14", "source placenta"=>"2", "biological replicate"=>"1", "time days of culture"=>"0"	50
801	"name"=>"GSM1015138 1", "Organism"=>"Homo sapiens", "organism part"=>"Fused Cytotrophoblast cells (syncitiotrophoblast)"	58
1514	"name"=>"GSM515334 1", "tissue"=>"HTR-8/SVneo cell line", "Organism"=>"Homo sapiens"	82
647	"name"=>"GSM1146438 2", "organism"=>"Homo sapiens", "condition"=>"control", "organism part"=>"placenta"	51
648	"name"=>"GSM1146438 1", "organism"=>"Homo sapiens", "condition"=>"Pre-Eclampsia", "organism part"=>"placenta"	51
649	"name"=>"GSM1146437 2", "organism"=>"Homo sapiens", "condition"=>"control", "organism part"=>"placenta"	51
650	"name"=>"GSM1146437 1", "organism"=>"Homo sapiens", "condition"=>"Pre-Eclampsia", "organism part"=>"placenta"	51
651	"name"=>"GSM1146436 1", "organism"=>"Homo sapiens", "condition"=>"Pre-Eclampsia", "organism part"=>"placenta"	51
652	"name"=>"GSM1146436 2", "organism"=>"Homo sapiens", "condition"=>"control", "organism part"=>"placenta"	51
653	"name"=>"GSM1146435 2", "organism"=>"Homo sapiens", "condition"=>"control", "organism part"=>"placenta"	51
654	"name"=>"GSM1146435 1", "organism"=>"Homo sapiens", "condition"=>"Pre-Eclampsia", "organism part"=>"placenta"	51
655	"name"=>"GSM1146434 1", "organism"=>"Homo sapiens", "condition"=>"Pre-Eclampsia", "organism part"=>"placenta"	51
656	"name"=>"GSM1146434 2", "organism"=>"Homo sapiens", "condition"=>"control", "organism part"=>"placenta"	51
657	"name"=>"GSM1229161 1", "organism"=>"Homo sapiens", "disease state"=>"preeclampsia", "organism part"=>"placenta", "urine protein"=>"2+", "mean arterial pressure mmhg"=>"120.7"	52
658	"name"=>"GSM1229160 1", "organism"=>"Homo sapiens", "disease state"=>"preeclampsia", "organism part"=>"placenta", "urine protein"=>"3+", "mean arterial pressure mmhg"=>"121.7"	52
659	"name"=>"GSM1229159 1", "organism"=>"Homo sapiens", "disease state"=>"preeclampsia", "organism part"=>"placenta", "urine protein"=>"3+", "mean arterial pressure mmhg"=>"113"	52
660	"name"=>"GSM1229158 1", "organism"=>"Homo sapiens", "disease state"=>"preeclampsia", "organism part"=>"placenta", "urine protein"=>"3+", "mean arterial pressure mmhg"=>"129.7"	52
661	"name"=>"GSM1229157 1", "organism"=>"Homo sapiens", "disease state"=>"preeclampsia", "organism part"=>"placenta", "urine protein"=>"2+", "mean arterial pressure mmhg"=>"121.7"	52
662	"name"=>"GSM1229156 1", "organism"=>"Homo sapiens", "disease state"=>"preeclampsia", "organism part"=>"placenta", "urine protein"=>"3+", "mean arterial pressure mmhg"=>"131"	52
663	"name"=>"GSM1229155 1", "organism"=>"Homo sapiens", "disease state"=>"normal", "organism part"=>"placenta", "urine protein"=>"_", "mean arterial pressure mmhg"=>"86.7"	52
664	"name"=>"GSM1229154 1", "organism"=>"Homo sapiens", "disease state"=>"normal", "organism part"=>"placenta", "urine protein"=>"_", "mean arterial pressure mmhg"=>"84.3"	52
665	"name"=>"GSM1229153 1", "organism"=>"Homo sapiens", "disease state"=>"normal", "organism part"=>"placenta", "urine protein"=>"_", "mean arterial pressure mmhg"=>"101"	52
666	"name"=>"GSM1229152 1", "organism"=>"Homo sapiens", "disease state"=>"normal", "organism part"=>"placenta", "urine protein"=>"_", "mean arterial pressure mmhg"=>"89.3"	52
667	"name"=>"GSM1229151 1", "organism"=>"Homo sapiens", "disease state"=>"normal", "organism part"=>"placenta", "urine protein"=>"_", "mean arterial pressure mmhg"=>"89.3"	52
668	"name"=>"GSM1022419 1", "organism"=>"Homo sapiens", "cell type"=>"Human Umbilical Vein Endothelial Cells (HUVEC)"	53
669	"name"=>"GSM1022418 1", "organism"=>"Homo sapiens", "cell type"=>"Human Umbilical Vein Endothelial Cells (HUVEC)"	53
670	"name"=>"GSM1022417 1", "organism"=>"Homo sapiens", "cell type"=>"Human Umbilical Vein Endothelial Cells (HUVEC)"	53
671	"name"=>"GSM1022416 1", "organism"=>"Homo sapiens", "cell type"=>"Human Umbilical Vein Endothelial Cells (HUVEC)"	53
672	"name"=>"GSM1089244 1", "organism"=>"Homo sapiens", "condition"=>"control", "fetus gender"=>NULL, "organism part"=>"Chorionic Villi", "gestational age weeks"=>"34"	54
673	"name"=>"GSM1089243 1", "organism"=>"Homo sapiens", "condition"=>"control", "fetus gender"=>NULL, "organism part"=>"Chorionic Villi", "gestational age weeks"=>"36"	54
674	"name"=>"GSM1089242 1", "organism"=>"Homo sapiens", "condition"=>"control", "fetus gender"=>NULL, "organism part"=>"Chorionic Villi", "gestational age weeks"=>"33.7"	54
675	"name"=>"GSM1089241 1", "organism"=>"Homo sapiens", "condition"=>"control", "fetus gender"=>NULL, "organism part"=>"Chorionic Villi", "gestational age weeks"=>"32.86"	54
676	"name"=>"GSM1089240 1", "organism"=>"Homo sapiens", "condition"=>"control", "fetus gender"=>NULL, "organism part"=>"Chorionic Villi", "gestational age weeks"=>"32.56"	54
677	"name"=>"GSM1089239 1", "organism"=>"Homo sapiens", "condition"=>"control", "fetus gender"=>NULL, "organism part"=>"Chorionic Villi", "gestational age weeks"=>"31.42"	54
678	"name"=>"GSM1089238 1", "organism"=>"Homo sapiens", "condition"=>"control", "fetus gender"=>NULL, "organism part"=>"Chorionic Villi", "gestational age weeks"=>"26"	54
679	"name"=>"GSM1089237 1", "organism"=>"Homo sapiens", "condition"=>"control", "fetus gender"=>NULL, "organism part"=>"Chorionic Villi", "gestational age weeks"=>"25"	54
680	"name"=>"GSM1089236 1", "organism"=>"Homo sapiens", "condition"=>"EOPET", "fetus gender"=>NULL, "organism part"=>"Chorionic Villi", "gestational age weeks"=>"37.28"	54
681	"name"=>"GSM1089235 1", "organism"=>"Homo sapiens", "condition"=>"EOPET", "fetus gender"=>NULL, "organism part"=>"Chorionic Villi", "gestational age weeks"=>"32.42"	54
682	"name"=>"GSM1089234 1", "organism"=>"Homo sapiens", "condition"=>"EOPET", "fetus gender"=>NULL, "organism part"=>"Chorionic Villi", "gestational age weeks"=>"24.86"	54
683	"name"=>"GSM1089233 1", "organism"=>"Homo sapiens", "condition"=>"EOPET", "fetus gender"=>NULL, "organism part"=>"Chorionic Villi", "gestational age weeks"=>"34"	54
684	"name"=>"GSM1089232 1", "organism"=>"Homo sapiens", "condition"=>"EOPET", "fetus gender"=>NULL, "organism part"=>"Chorionic Villi", "gestational age weeks"=>"31.7"	54
685	"name"=>"GSM1089231 1", "organism"=>"Homo sapiens", "condition"=>"EOPET", "fetus gender"=>NULL, "organism part"=>"Chorionic Villi", "gestational age weeks"=>"32"	54
802	"name"=>"GSM1015137 1", "Organism"=>"Homo sapiens", "organism part"=>"Fused Cytotrophoblast cells (syncitiotrophoblast)"	58
1515	"name"=>"GSM515333 1", "tissue"=>"ACH3P cell line", "Organism"=>"Homo sapiens"	82
687	"name"=>"GSM1089229 1", "organism"=>"Homo sapiens", "condition"=>"EOPET", "fetus gender"=>NULL, "organism part"=>"Chorionic Villi", "gestational age weeks"=>"31.7"	54
688	"name"=>"GSM1088641 1", "organism"=>"Homo sapiens", "condition"=>"control", "fetus gender"=>"male", "organism part"=>"placental chorionic villus", "gestational age weeks"=>"28.56"	54
689	"name"=>"GSM1088640 1", "organism"=>"Homo sapiens", "condition"=>"control", "fetus gender"=>"male", "organism part"=>"placental chorionic villus", "gestational age weeks"=>"33.7"	54
690	"name"=>"GSM1088639 1", "organism"=>"Homo sapiens", "condition"=>"control", "fetus gender"=>"female", "organism part"=>"placental chorionic villus", "gestational age weeks"=>"37.28"	54
691	"name"=>"GSM1088638 1", "organism"=>"Homo sapiens", "condition"=>"control", "fetus gender"=>"female", "organism part"=>"placental chorionic villus", "gestational age weeks"=>"28"	54
692	"name"=>"GSM1088637 1", "organism"=>"Homo sapiens", "condition"=>"control", "fetus gender"=>"male", "organism part"=>"placental chorionic villus", "gestational age weeks"=>"33.56"	54
693	"name"=>"GSM1088636 1", "organism"=>"Homo sapiens", "condition"=>"control", "fetus gender"=>"female", "organism part"=>"placental chorionic villus", "gestational age weeks"=>"33.4"	54
694	"name"=>"GSM1088635 1", "organism"=>"Homo sapiens", "condition"=>"control", "fetus gender"=>"male", "organism part"=>"placental chorionic villus", "gestational age weeks"=>"32.42"	54
695	"name"=>"GSM1088634 1", "organism"=>"Homo sapiens", "condition"=>"control", "fetus gender"=>"male", "organism part"=>"placental chorionic villus", "gestational age weeks"=>"32.7"	54
696	"name"=>"GSM1088633 1", "organism"=>"Homo sapiens", "condition"=>"control", "fetus gender"=>"female", "organism part"=>"placental chorionic villus", "gestational age weeks"=>"32.56"	54
697	"name"=>"GSM1088632 1", "organism"=>"Homo sapiens", "condition"=>"control", "fetus gender"=>"male", "organism part"=>"placental chorionic villus", "gestational age weeks"=>"25"	54
698	"name"=>"GSM1088631 1", "organism"=>"Homo sapiens", "condition"=>"control", "fetus gender"=>"male", "organism part"=>"placental chorionic villus", "gestational age weeks"=>"34"	54
699	"name"=>"GSM1088630 1", "organism"=>"Homo sapiens", "condition"=>"control", "fetus gender"=>"male", "organism part"=>"placental chorionic villus", "gestational age weeks"=>"36"	54
700	"name"=>"GSM1088629 1", "organism"=>"Homo sapiens", "condition"=>"control", "fetus gender"=>"male", "organism part"=>"placental chorionic villus", "gestational age weeks"=>"31.42"	54
701	"name"=>"GSM1088628 1", "organism"=>"Homo sapiens", "condition"=>"control", "fetus gender"=>"female", "organism part"=>"placental chorionic villus", "gestational age weeks"=>"26"	54
702	"name"=>"GSM1088627 1", "organism"=>"Homo sapiens", "condition"=>"control", "fetus gender"=>"female", "organism part"=>"placental chorionic villus", "gestational age weeks"=>"32.56"	54
703	"name"=>"GSM1088626 1", "organism"=>"Homo sapiens", "condition"=>"control", "fetus gender"=>"male", "organism part"=>"placental chorionic villus", "gestational age weeks"=>"32.86"	54
704	"name"=>"GSM1088625 1", "organism"=>"Homo sapiens", "condition"=>"control", "fetus gender"=>"male", "organism part"=>"placental chorionic villus", "gestational age weeks"=>"32"	54
705	"name"=>"GSM1088624 1", "organism"=>"Homo sapiens", "condition"=>"control", "fetus gender"=>"male", "organism part"=>"placental chorionic villus", "gestational age weeks"=>"32.28"	54
706	"name"=>"GSM1088623 1", "organism"=>"Homo sapiens", "condition"=>"control", "fetus gender"=>"male", "organism part"=>"placental chorionic villus", "gestational age weeks"=>"33.7"	54
707	"name"=>"GSM1088622 1", "organism"=>"Homo sapiens", "condition"=>"control", "fetus gender"=>"male", "organism part"=>"placental chorionic villus", "gestational age weeks"=>"28"	54
708	"name"=>"GSM1088621 1", "organism"=>"Homo sapiens", "condition"=>"EOPET", "fetus gender"=>"male", "organism part"=>"placental chorionic villus", "gestational age weeks"=>"34"	54
709	"name"=>"GSM1088620 1", "organism"=>"Homo sapiens", "condition"=>"EOPET", "fetus gender"=>"female", "organism part"=>"placental chorionic villus", "gestational age weeks"=>"32.28"	54
710	"name"=>"GSM1088619 1", "organism"=>"Homo sapiens", "condition"=>"EOPET", "fetus gender"=>"male", "organism part"=>"placental chorionic villus", "gestational age weeks"=>"32.56"	54
711	"name"=>"GSM1088618 1", "organism"=>"Homo sapiens", "condition"=>"EOPET", "fetus gender"=>"female", "organism part"=>"placental chorionic villus", "gestational age weeks"=>"25.42"	54
712	"name"=>"GSM1088617 1", "organism"=>"Homo sapiens", "condition"=>"EOPET", "fetus gender"=>"male", "organism part"=>"placental chorionic villus", "gestational age weeks"=>"26.86"	54
713	"name"=>"GSM1088616 1", "organism"=>"Homo sapiens", "condition"=>"EOPET", "fetus gender"=>"male", "organism part"=>"placental chorionic villus", "gestational age weeks"=>"32.7"	54
714	"name"=>"GSM1088615 1", "organism"=>"Homo sapiens", "condition"=>"EOPET", "fetus gender"=>"female", "organism part"=>"placental chorionic villus", "gestational age weeks"=>"37.28"	54
715	"name"=>"GSM1088614 1", "organism"=>"Homo sapiens", "condition"=>"EOPET", "fetus gender"=>"male", "organism part"=>"placental chorionic villus", "gestational age weeks"=>"28.56"	54
716	"name"=>"GSM1088613 1", "organism"=>"Homo sapiens", "condition"=>"EOPET", "fetus gender"=>"female", "organism part"=>"placental chorionic villus", "gestational age weeks"=>"33.56"	54
717	"name"=>"GSM1088612 1", "organism"=>"Homo sapiens", "condition"=>"EOPET", "fetus gender"=>"male", "organism part"=>"placental chorionic villus", "gestational age weeks"=>"33.86"	54
718	"name"=>"GSM1088611 1", "organism"=>"Homo sapiens", "condition"=>"EOPET", "fetus gender"=>"male", "organism part"=>"placental chorionic villus", "gestational age weeks"=>"37.28"	54
719	"name"=>"GSM1088610 1", "organism"=>"Homo sapiens", "condition"=>"EOPET", "fetus gender"=>"male", "organism part"=>"placental chorionic villus", "gestational age weeks"=>"32.42"	54
720	"name"=>"GSM1088609 1", "organism"=>"Homo sapiens", "condition"=>"EOPET", "fetus gender"=>"male", "organism part"=>"placental chorionic villus", "gestational age weeks"=>"26"	54
1516	"name"=>"GSM515332 1", "tissue"=>"ACH3P cell line", "Organism"=>"Homo sapiens"	82
722	"name"=>"GSM1088607 1", "organism"=>"Homo sapiens", "condition"=>"EOPET", "fetus gender"=>"female", "organism part"=>"placental chorionic villus", "gestational age weeks"=>"34"	54
723	"name"=>"GSM1088606 1", "organism"=>"Homo sapiens", "condition"=>"EOPET", "fetus gender"=>"female", "organism part"=>"placental chorionic villus", "gestational age weeks"=>"31.7"	54
724	"name"=>"GSM1088605 1", "organism"=>"Homo sapiens", "condition"=>"EOPET", "fetus gender"=>"male", "organism part"=>"placental chorionic villus", "gestational age weeks"=>"32"	54
725	"name"=>"GSM1088604 1", "organism"=>"Homo sapiens", "condition"=>"EOPET", "fetus gender"=>"male", "organism part"=>"placental chorionic villus", "gestational age weeks"=>"33.7"	54
726	"name"=>"GSM1088603 1", "organism"=>"Homo sapiens", "condition"=>"EOPET", "fetus gender"=>"female", "organism part"=>"placental chorionic villus", "gestational age weeks"=>"32.86"	54
727	"name"=>"GSM1088602 1", "organism"=>"Homo sapiens", "condition"=>"EOPET", "fetus gender"=>"male", "organism part"=>"placental chorionic villus", "gestational age weeks"=>"31.7"	54
728	"name"=>"GSM1089244 1", "organism"=>"Homo sapiens", "condition"=>"control", "organism part"=>"Chorionic Villi", "gestational age weeks"=>"34"	55
729	"name"=>"GSM1089243 1", "organism"=>"Homo sapiens", "condition"=>"control", "organism part"=>"Chorionic Villi", "gestational age weeks"=>"36"	55
730	"name"=>"GSM1089242 1", "organism"=>"Homo sapiens", "condition"=>"control", "organism part"=>"Chorionic Villi", "gestational age weeks"=>"33.7"	55
731	"name"=>"GSM1089241 1", "organism"=>"Homo sapiens", "condition"=>"control", "organism part"=>"Chorionic Villi", "gestational age weeks"=>"32.86"	55
732	"name"=>"GSM1089240 1", "organism"=>"Homo sapiens", "condition"=>"control", "organism part"=>"Chorionic Villi", "gestational age weeks"=>"32.56"	55
733	"name"=>"GSM1089239 1", "organism"=>"Homo sapiens", "condition"=>"control", "organism part"=>"Chorionic Villi", "gestational age weeks"=>"31.42"	55
734	"name"=>"GSM1089238 1", "organism"=>"Homo sapiens", "condition"=>"control", "organism part"=>"Chorionic Villi", "gestational age weeks"=>"26"	55
735	"name"=>"GSM1089237 1", "organism"=>"Homo sapiens", "condition"=>"control", "organism part"=>"Chorionic Villi", "gestational age weeks"=>"25"	55
736	"name"=>"GSM1089236 1", "organism"=>"Homo sapiens", "condition"=>"EOPET", "organism part"=>"Chorionic Villi", "gestational age weeks"=>"37.28"	55
737	"name"=>"GSM1089235 1", "organism"=>"Homo sapiens", "condition"=>"EOPET", "organism part"=>"Chorionic Villi", "gestational age weeks"=>"32.42"	55
738	"name"=>"GSM1089234 1", "organism"=>"Homo sapiens", "condition"=>"EOPET", "organism part"=>"Chorionic Villi", "gestational age weeks"=>"24.86"	55
739	"name"=>"GSM1089233 1", "organism"=>"Homo sapiens", "condition"=>"EOPET", "organism part"=>"Chorionic Villi", "gestational age weeks"=>"34"	55
740	"name"=>"GSM1089232 1", "organism"=>"Homo sapiens", "condition"=>"EOPET", "organism part"=>"Chorionic Villi", "gestational age weeks"=>"31.7"	55
741	"name"=>"GSM1089231 1", "organism"=>"Homo sapiens", "condition"=>"EOPET", "organism part"=>"Chorionic Villi", "gestational age weeks"=>"32"	55
742	"name"=>"GSM1089230 1", "organism"=>"Homo sapiens", "condition"=>"EOPET", "organism part"=>"Chorionic Villi", "gestational age weeks"=>"33.7"	55
743	"name"=>"GSM1089229 1", "organism"=>"Homo sapiens", "condition"=>"EOPET", "organism part"=>"Chorionic Villi", "gestational age weeks"=>"31.7"	55
744	"name"=>"GSM1088641 1", "organism"=>"Homo sapiens", "condition"=>"control", "fetus gender"=>"male", "organism part"=>"placental chorionic villus", "gestational age weeks"=>"28.56"	56
745	"name"=>"GSM1088640 1", "organism"=>"Homo sapiens", "condition"=>"control", "fetus gender"=>"male", "organism part"=>"placental chorionic villus", "gestational age weeks"=>"33.7"	56
746	"name"=>"GSM1088639 1", "organism"=>"Homo sapiens", "condition"=>"control", "fetus gender"=>"female", "organism part"=>"placental chorionic villus", "gestational age weeks"=>"37.28"	56
747	"name"=>"GSM1088638 1", "organism"=>"Homo sapiens", "condition"=>"control", "fetus gender"=>"female", "organism part"=>"placental chorionic villus", "gestational age weeks"=>"28"	56
748	"name"=>"GSM1088637 1", "organism"=>"Homo sapiens", "condition"=>"control", "fetus gender"=>"male", "organism part"=>"placental chorionic villus", "gestational age weeks"=>"33.56"	56
749	"name"=>"GSM1088636 1", "organism"=>"Homo sapiens", "condition"=>"control", "fetus gender"=>"female", "organism part"=>"placental chorionic villus", "gestational age weeks"=>"33.4"	56
750	"name"=>"GSM1088635 1", "organism"=>"Homo sapiens", "condition"=>"control", "fetus gender"=>"male", "organism part"=>"placental chorionic villus", "gestational age weeks"=>"32.42"	56
751	"name"=>"GSM1088634 1", "organism"=>"Homo sapiens", "condition"=>"control", "fetus gender"=>"male", "organism part"=>"placental chorionic villus", "gestational age weeks"=>"32.7"	56
752	"name"=>"GSM1088633 1", "organism"=>"Homo sapiens", "condition"=>"control", "fetus gender"=>"female", "organism part"=>"placental chorionic villus", "gestational age weeks"=>"32.56"	56
753	"name"=>"GSM1088632 1", "organism"=>"Homo sapiens", "condition"=>"control", "fetus gender"=>"male", "organism part"=>"placental chorionic villus", "gestational age weeks"=>"25"	56
754	"name"=>"GSM1088631 1", "organism"=>"Homo sapiens", "condition"=>"control", "fetus gender"=>"male", "organism part"=>"placental chorionic villus", "gestational age weeks"=>"34"	56
755	"name"=>"GSM1088630 1", "organism"=>"Homo sapiens", "condition"=>"control", "fetus gender"=>"male", "organism part"=>"placental chorionic villus", "gestational age weeks"=>"36"	56
756	"name"=>"GSM1088629 1", "organism"=>"Homo sapiens", "condition"=>"control", "fetus gender"=>"male", "organism part"=>"placental chorionic villus", "gestational age weeks"=>"31.42"	56
757	"name"=>"GSM1088628 1", "organism"=>"Homo sapiens", "condition"=>"control", "fetus gender"=>"female", "organism part"=>"placental chorionic villus", "gestational age weeks"=>"26"	56
1053	"dose"=>"0", "name"=>"GSM786379 1", "unit"=>"nM", "ligand"=>"PBS", "Organism"=>"Homo sapiens", "cell line"=>"Swan 71"	64
1517	"name"=>"GSM515331 1", "tissue"=>"ACH3P cell line", "Organism"=>"Homo sapiens"	82
759	"name"=>"GSM1088626 1", "organism"=>"Homo sapiens", "condition"=>"control", "fetus gender"=>"male", "organism part"=>"placental chorionic villus", "gestational age weeks"=>"32.86"	56
760	"name"=>"GSM1088625 1", "organism"=>"Homo sapiens", "condition"=>"control", "fetus gender"=>"male", "organism part"=>"placental chorionic villus", "gestational age weeks"=>"32"	56
761	"name"=>"GSM1088624 1", "organism"=>"Homo sapiens", "condition"=>"control", "fetus gender"=>"male", "organism part"=>"placental chorionic villus", "gestational age weeks"=>"32.28"	56
762	"name"=>"GSM1088623 1", "organism"=>"Homo sapiens", "condition"=>"control", "fetus gender"=>"male", "organism part"=>"placental chorionic villus", "gestational age weeks"=>"33.7"	56
763	"name"=>"GSM1088622 1", "organism"=>"Homo sapiens", "condition"=>"control", "fetus gender"=>"male", "organism part"=>"placental chorionic villus", "gestational age weeks"=>"28"	56
764	"name"=>"GSM1088621 1", "organism"=>"Homo sapiens", "condition"=>"EOPET", "fetus gender"=>"male", "organism part"=>"placental chorionic villus", "gestational age weeks"=>"34"	56
765	"name"=>"GSM1088620 1", "organism"=>"Homo sapiens", "condition"=>"EOPET", "fetus gender"=>"female", "organism part"=>"placental chorionic villus", "gestational age weeks"=>"32.28"	56
766	"name"=>"GSM1088619 1", "organism"=>"Homo sapiens", "condition"=>"EOPET", "fetus gender"=>"male", "organism part"=>"placental chorionic villus", "gestational age weeks"=>"32.56"	56
767	"name"=>"GSM1088618 1", "organism"=>"Homo sapiens", "condition"=>"EOPET", "fetus gender"=>"female", "organism part"=>"placental chorionic villus", "gestational age weeks"=>"25.42"	56
768	"name"=>"GSM1088617 1", "organism"=>"Homo sapiens", "condition"=>"EOPET", "fetus gender"=>"male", "organism part"=>"placental chorionic villus", "gestational age weeks"=>"26.86"	56
769	"name"=>"GSM1088616 1", "organism"=>"Homo sapiens", "condition"=>"EOPET", "fetus gender"=>"male", "organism part"=>"placental chorionic villus", "gestational age weeks"=>"32.7"	56
770	"name"=>"GSM1088615 1", "organism"=>"Homo sapiens", "condition"=>"EOPET", "fetus gender"=>"female", "organism part"=>"placental chorionic villus", "gestational age weeks"=>"37.28"	56
771	"name"=>"GSM1088614 1", "organism"=>"Homo sapiens", "condition"=>"EOPET", "fetus gender"=>"male", "organism part"=>"placental chorionic villus", "gestational age weeks"=>"28.56"	56
772	"name"=>"GSM1088613 1", "organism"=>"Homo sapiens", "condition"=>"EOPET", "fetus gender"=>"female", "organism part"=>"placental chorionic villus", "gestational age weeks"=>"33.56"	56
773	"name"=>"GSM1088612 1", "organism"=>"Homo sapiens", "condition"=>"EOPET", "fetus gender"=>"male", "organism part"=>"placental chorionic villus", "gestational age weeks"=>"33.86"	56
774	"name"=>"GSM1088611 1", "organism"=>"Homo sapiens", "condition"=>"EOPET", "fetus gender"=>"male", "organism part"=>"placental chorionic villus", "gestational age weeks"=>"37.28"	56
775	"name"=>"GSM1088610 1", "organism"=>"Homo sapiens", "condition"=>"EOPET", "fetus gender"=>"male", "organism part"=>"placental chorionic villus", "gestational age weeks"=>"32.42"	56
776	"name"=>"GSM1088609 1", "organism"=>"Homo sapiens", "condition"=>"EOPET", "fetus gender"=>"male", "organism part"=>"placental chorionic villus", "gestational age weeks"=>"26"	56
777	"name"=>"GSM1088608 1", "organism"=>"Homo sapiens", "condition"=>"EOPET", "fetus gender"=>"male", "organism part"=>"placental chorionic villus", "gestational age weeks"=>"24.86"	56
778	"name"=>"GSM1088607 1", "organism"=>"Homo sapiens", "condition"=>"EOPET", "fetus gender"=>"female", "organism part"=>"placental chorionic villus", "gestational age weeks"=>"34"	56
779	"name"=>"GSM1088606 1", "organism"=>"Homo sapiens", "condition"=>"EOPET", "fetus gender"=>"female", "organism part"=>"placental chorionic villus", "gestational age weeks"=>"31.7"	56
780	"name"=>"GSM1088605 1", "organism"=>"Homo sapiens", "condition"=>"EOPET", "fetus gender"=>"male", "organism part"=>"placental chorionic villus", "gestational age weeks"=>"32"	56
781	"name"=>"GSM1088604 1", "organism"=>"Homo sapiens", "condition"=>"EOPET", "fetus gender"=>"male", "organism part"=>"placental chorionic villus", "gestational age weeks"=>"33.7"	56
782	"name"=>"GSM1088603 1", "organism"=>"Homo sapiens", "condition"=>"EOPET", "fetus gender"=>"female", "organism part"=>"placental chorionic villus", "gestational age weeks"=>"32.86"	56
783	"name"=>"GSM1088602 1", "organism"=>"Homo sapiens", "condition"=>"EOPET", "fetus gender"=>"male", "organism part"=>"placental chorionic villus", "gestational age weeks"=>"31.7"	56
784	"name"=>"GSM1074814 1", "organism"=>"Homo sapiens", "phenotype"=>"preeclampsia"	57
785	"name"=>"GSM1074813 1", "organism"=>"Homo sapiens", "phenotype"=>"preeclampsia"	57
786	"name"=>"GSM1074812 1", "organism"=>"Homo sapiens", "phenotype"=>"preeclampsia"	57
787	"name"=>"GSM1074811 1", "organism"=>"Homo sapiens", "phenotype"=>"preeclampsia"	57
788	"name"=>"GSM1074810 1", "organism"=>"Homo sapiens", "phenotype"=>"preeclampsia"	57
789	"name"=>"GSM1074809 1", "organism"=>"Homo sapiens", "phenotype"=>"normal"	57
790	"name"=>"GSM1074808 1", "organism"=>"Homo sapiens", "phenotype"=>"normal"	57
791	"name"=>"GSM1074807 1", "organism"=>"Homo sapiens", "phenotype"=>"normal"	57
792	"name"=>"GSM1074806 1", "organism"=>"Homo sapiens", "phenotype"=>"normal"	57
793	"name"=>"GSM1074805 1", "organism"=>"Homo sapiens", "phenotype"=>"normal"	57
794	"name"=>"GSM1074804 1", "organism"=>"Homo sapiens", "phenotype"=>"normal"	57
795	"name"=>"GSM1074803 1", "organism"=>"Homo sapiens", "phenotype"=>"normal"	57
796	"name"=>"GSM1015143 1", "Organism"=>"Homo sapiens", "organism part"=>"Fused Cytotrophoblast cells (syncitiotrophoblast)"	58
797	"name"=>"GSM1015142 1", "Organism"=>"Homo sapiens", "organism part"=>"Fused Cytotrophoblast cells (syncitiotrophoblast)"	58
798	"name"=>"GSM1015141 1", "Organism"=>"Homo sapiens", "organism part"=>"Fused Cytotrophoblast cells (syncitiotrophoblast)"	58
1227	"name"=>"GSE13155GSM329337", "Organism"=>"Mus musculus"	71
1228	"name"=>"GSE13155GSM329338", "Organism"=>"Homo sapiens"	71
1229	"name"=>"GSE13155GSM329339", "Organism"=>"Homo sapiens"	71
805	"name"=>"GSM1015134 1", "Organism"=>"Homo sapiens", "organism part"=>"Fused Cytotrophoblast cells (syncitiotrophoblast)"	58
806	"name"=>"GSM1015133 1", "Organism"=>"Homo sapiens", "organism part"=>"Fused Cytotrophoblast cells (syncitiotrophoblast)"	58
807	"name"=>"GSM1015132 1", "Organism"=>"Homo sapiens", "organism part"=>"Fused Cytotrophoblast cells (syncitiotrophoblast)"	58
808	"name"=>"GSM1015131 1", "Organism"=>"Homo sapiens", "organism part"=>"Fused Cytotrophoblast cells (syncitiotrophoblast)"	58
809	"name"=>"GSM1015130 1", "Organism"=>"Homo sapiens", "organism part"=>"Fused Cytotrophoblast cells (syncitiotrophoblast)"	58
810	"name"=>"GSM1015129 1", "Organism"=>"Homo sapiens", "organism part"=>"Fused Cytotrophoblast cells (syncitiotrophoblast)"	58
811	"name"=>"GSM1015128 1", "Organism"=>"Homo sapiens", "organism part"=>"Fused Cytotrophoblast cells (syncitiotrophoblast)"	58
812	"name"=>"GSM1015127 1", "Organism"=>"Homo sapiens", "organism part"=>"Fused Cytotrophoblast cells (syncitiotrophoblast)"	58
813	"name"=>"GSM1015126 1", "Organism"=>"Homo sapiens", "organism part"=>"Fused Cytotrophoblast cells (syncitiotrophoblast)"	58
814	"name"=>"GSM1015125 1", "Organism"=>"Homo sapiens", "organism part"=>"Fused Cytotrophoblast cells (syncitiotrophoblast)"	58
815	"name"=>"GSM1015124 1", "Organism"=>"Homo sapiens", "organism part"=>"Fused Cytotrophoblast cells (syncitiotrophoblast)"	58
816	"name"=>"GSM1015123 1", "Organism"=>"Homo sapiens", "organism part"=>"Fused Cytotrophoblast cells (syncitiotrophoblast)"	58
817	"name"=>"GSM1015122 1", "Organism"=>"Homo sapiens", "organism part"=>"Fused Cytotrophoblast cells (syncitiotrophoblast)"	58
818	"name"=>"GSM1015121 1", "Organism"=>"Homo sapiens", "organism part"=>"Fused Cytotrophoblast cells (syncitiotrophoblast)"	58
819	"name"=>"GSM1015120 1", "Organism"=>"Homo sapiens", "organism part"=>"Fused Cytotrophoblast cells (syncitiotrophoblast)"	58
820	"name"=>"GSM1015119 1", "Organism"=>"Homo sapiens", "organism part"=>"Fused Cytotrophoblast cells (syncitiotrophoblast)"	58
821	"name"=>"GSM1015118 1", "Organism"=>"Homo sapiens", "organism part"=>"Fused Cytotrophoblast cells (syncitiotrophoblast)"	58
822	"name"=>"GSM1015117 1", "Organism"=>"Homo sapiens", "organism part"=>"Fused Cytotrophoblast cells (syncitiotrophoblast)"	58
823	"name"=>"GSM1015116 1", "Organism"=>"Homo sapiens", "organism part"=>"Fused Cytotrophoblast cells (syncitiotrophoblast)"	58
824	"name"=>"GSM1015115 1", "Organism"=>"Homo sapiens", "organism part"=>"Fused Cytotrophoblast cells (syncitiotrophoblast)"	58
825	"name"=>"GSM1015114 1", "Organism"=>"Homo sapiens", "organism part"=>"Fused Cytotrophoblast cells (syncitiotrophoblast)"	58
826	"name"=>"GSM1015113 1", "Organism"=>"Homo sapiens", "organism part"=>"Fused Cytotrophoblast cells (syncitiotrophoblast)"	58
827	"name"=>"GSM1015112 1", "Organism"=>"Homo sapiens", "organism part"=>"Fused Cytotrophoblast cells (syncitiotrophoblast)"	58
828	"name"=>"GSM1015111 1", "Organism"=>"Homo sapiens", "organism part"=>"Fused Cytotrophoblast cells (syncitiotrophoblast)"	58
829	"name"=>"GSM1015110 1", "Organism"=>"Homo sapiens", "organism part"=>"Fused Cytotrophoblast cells (syncitiotrophoblast)"	58
830	"name"=>"GSM1015109 1", "Organism"=>"Homo sapiens", "organism part"=>"Fused Cytotrophoblast cells (syncitiotrophoblast)"	58
831	"name"=>"GSM1015108 1", "Organism"=>"Homo sapiens", "organism part"=>"Fused Cytotrophoblast cells (syncitiotrophoblast)"	58
832	"name"=>"GSM1015107 1", "Organism"=>"Homo sapiens", "organism part"=>"Fused Cytotrophoblast cells (syncitiotrophoblast)"	58
833	"name"=>"GSM1015106 1", "Organism"=>"Homo sapiens", "organism part"=>"Fused Cytotrophoblast cells (syncitiotrophoblast)"	58
834	"name"=>"GSM1015105 1", "Organism"=>"Homo sapiens", "organism part"=>"Fused Cytotrophoblast cells (syncitiotrophoblast)"	58
835	"name"=>"GSM1015104 1", "Organism"=>"Homo sapiens", "organism part"=>"Fused Cytotrophoblast cells (syncitiotrophoblast)"	58
836	"name"=>"GSM1015103 1", "Organism"=>"Homo sapiens", "organism part"=>"Fused Cytotrophoblast cells (syncitiotrophoblast)"	58
837	"name"=>"GSM1015102 1", "Organism"=>"Homo sapiens", "organism part"=>"Fused Cytotrophoblast cells (syncitiotrophoblast)"	58
838	"name"=>"GSM1015101 1", "Organism"=>"Homo sapiens", "organism part"=>"Fused Cytotrophoblast cells (syncitiotrophoblast)"	58
839	"name"=>"GSM1015100 1", "Organism"=>"Homo sapiens", "organism part"=>"Fused Cytotrophoblast cells (syncitiotrophoblast)"	58
840	"name"=>"GSM1015099 1", "Organism"=>"Homo sapiens", "organism part"=>"Fused Cytotrophoblast cells (syncitiotrophoblast)"	58
841	"name"=>"GSM1015098 1", "Organism"=>"Homo sapiens", "organism part"=>"Isolated Cytotrophoblast"	58
842	"name"=>"GSM1015097 1", "Organism"=>"Homo sapiens", "organism part"=>"Isolated Cytotrophoblast"	58
843	"name"=>"GSM1015096 1", "Organism"=>"Homo sapiens", "organism part"=>"Isolated Cytotrophoblast"	58
844	"name"=>"GSM1015095 1", "Organism"=>"Homo sapiens", "organism part"=>"Isolated Cytotrophoblast"	58
845	"name"=>"GSM1015094 1", "Organism"=>"Homo sapiens", "organism part"=>"Isolated Cytotrophoblast"	58
846	"name"=>"GSM1015093 1", "Organism"=>"Homo sapiens", "organism part"=>"Isolated Cytotrophoblast"	58
847	"name"=>"GSM1015092 1", "Organism"=>"Homo sapiens", "organism part"=>"Isolated Cytotrophoblast"	58
848	"name"=>"GSM1015091 1", "Organism"=>"Homo sapiens", "organism part"=>"Isolated Cytotrophoblast"	58
849	"name"=>"GSM1015090 1", "Organism"=>"Homo sapiens", "organism part"=>"Isolated Cytotrophoblast"	58
850	"name"=>"GSM1015089 1", "Organism"=>"Homo sapiens", "organism part"=>"Isolated Cytotrophoblast"	58
851	"name"=>"GSM1015088 1", "Organism"=>"Homo sapiens", "organism part"=>"Isolated Cytotrophoblast"	58
852	"name"=>"GSM1015087 1", "Organism"=>"Homo sapiens", "organism part"=>"Isolated Cytotrophoblast"	58
853	"name"=>"GSM1015086 1", "Organism"=>"Homo sapiens", "organism part"=>"Isolated Cytotrophoblast"	58
855	"name"=>"GSM1015084 1", "Organism"=>"Homo sapiens", "organism part"=>"Isolated Cytotrophoblast"	58
856	"name"=>"GSM1015083 1", "Organism"=>"Homo sapiens", "organism part"=>"Isolated Cytotrophoblast"	58
857	"name"=>"GSM1015082 1", "Organism"=>"Homo sapiens", "organism part"=>"Isolated Cytotrophoblast"	58
858	"name"=>"GSM1015081 1", "Organism"=>"Homo sapiens", "organism part"=>"Isolated Cytotrophoblast"	58
859	"name"=>"GSM1015080 1", "Organism"=>"Homo sapiens", "organism part"=>"Isolated Cytotrophoblast"	58
860	"name"=>"GSM1015079 1", "Organism"=>"Homo sapiens", "organism part"=>"Isolated Cytotrophoblast"	58
861	"name"=>"GSM1015078 1", "Organism"=>"Homo sapiens", "organism part"=>"Isolated Cytotrophoblast"	58
862	"name"=>"GSM1015077 1", "Organism"=>"Homo sapiens", "organism part"=>"Isolated Cytotrophoblast"	58
863	"name"=>"GSM1015076 1", "Organism"=>"Homo sapiens", "organism part"=>"Isolated Cytotrophoblast"	58
864	"name"=>"GSM1015075 1", "Organism"=>"Homo sapiens", "organism part"=>"Isolated Cytotrophoblast"	58
865	"name"=>"GSM1015074 1", "Organism"=>"Homo sapiens", "organism part"=>"Isolated Cytotrophoblast"	58
866	"name"=>"GSM1015073 1", "Organism"=>"Homo sapiens", "organism part"=>"Isolated Cytotrophoblast"	58
867	"name"=>"GSM1015072 1", "Organism"=>"Homo sapiens", "organism part"=>"Isolated Cytotrophoblast"	58
868	"name"=>"GSM1015071 1", "Organism"=>"Homo sapiens", "organism part"=>"Isolated Cytotrophoblast"	58
869	"name"=>"GSM1015070 1", "Organism"=>"Homo sapiens", "organism part"=>"Isolated Cytotrophoblast"	58
870	"name"=>"GSM1015069 1", "Organism"=>"Homo sapiens", "organism part"=>"Isolated Cytotrophoblast"	58
871	"name"=>"GSM1015068 1", "Organism"=>"Homo sapiens", "organism part"=>"Isolated Cytotrophoblast"	58
872	"name"=>"GSM1015067 1", "Organism"=>"Homo sapiens", "organism part"=>"Isolated Cytotrophoblast"	58
873	"name"=>"GSM1015066 1", "Organism"=>"Homo sapiens", "organism part"=>"Isolated Cytotrophoblast"	58
874	"name"=>"GSM1015065 1", "Organism"=>"Homo sapiens", "organism part"=>"Isolated Cytotrophoblast"	58
875	"name"=>"GSM1015064 1", "Organism"=>"Homo sapiens", "organism part"=>"Isolated Cytotrophoblast"	58
876	"name"=>"GSM1015063 1", "Organism"=>"Homo sapiens", "organism part"=>"Isolated Cytotrophoblast"	58
877	"name"=>"GSM1015062 1", "Organism"=>"Homo sapiens", "organism part"=>"Isolated Cytotrophoblast"	58
878	"name"=>"GSM1015061 1", "Organism"=>"Homo sapiens", "organism part"=>"Isolated Cytotrophoblast"	58
879	"name"=>"GSM1015060 1", "Organism"=>"Homo sapiens", "organism part"=>"Isolated Cytotrophoblast"	58
880	"name"=>"GSM1015059 1", "Organism"=>"Homo sapiens", "organism part"=>"Isolated Cytotrophoblast"	58
881	"name"=>"GSM1015058 1", "Organism"=>"Homo sapiens", "organism part"=>"Isolated Cytotrophoblast"	58
882	"name"=>"GSM1015057 1", "Organism"=>"Homo sapiens", "organism part"=>"Isolated Cytotrophoblast"	58
883	"name"=>"GSM1015056 1", "Organism"=>"Homo sapiens", "organism part"=>"Isolated Cytotrophoblast"	58
884	"name"=>"GSM1015055 1", "Organism"=>"Homo sapiens", "organism part"=>"Isolated Cytotrophoblast"	58
885	"name"=>"GSM1015054 1", "Organism"=>"Homo sapiens", "organism part"=>"Isolated Cytotrophoblast"	58
886	"name"=>"GSM1014962 1", "Organism"=>"Homo sapiens", "organism part"=>"Isolated Cytotrophoblast"	59
887	"name"=>"GSM1014961 1", "Organism"=>"Homo sapiens", "organism part"=>"Isolated Cytotrophoblast"	59
888	"name"=>"GSM1014960 1", "Organism"=>"Homo sapiens", "organism part"=>"Isolated Cytotrophoblast"	59
889	"name"=>"GSM1014959 1", "Organism"=>"Homo sapiens", "organism part"=>"Isolated Cytotrophoblast"	59
890	"name"=>"GSM1014958 1", "Organism"=>"Homo sapiens", "organism part"=>"Isolated Cytotrophoblast"	59
891	"name"=>"GSM1014957 1", "Organism"=>"Homo sapiens", "organism part"=>"Isolated Cytotrophoblast"	59
892	"name"=>"GSM1014956 1", "Organism"=>"Homo sapiens", "organism part"=>"Isolated Cytotrophoblast"	59
893	"name"=>"GSM1014955 1", "Organism"=>"Homo sapiens", "organism part"=>"Isolated Cytotrophoblast"	59
894	"name"=>"GSM1014954 1", "Organism"=>"Homo sapiens", "organism part"=>"Isolated Cytotrophoblast"	59
895	"name"=>"GSM1014953 1", "Organism"=>"Homo sapiens", "organism part"=>"Isolated Cytotrophoblast"	59
896	"name"=>"GSM1014952 1", "Organism"=>"Homo sapiens", "organism part"=>"Isolated Cytotrophoblast"	59
897	"name"=>"GSM1014951 1", "Organism"=>"Homo sapiens", "organism part"=>"Isolated Cytotrophoblast"	59
898	"name"=>"GSM1014950 1", "Organism"=>"Homo sapiens", "organism part"=>"Isolated Cytotrophoblast"	59
899	"name"=>"GSM1014949 1", "Organism"=>"Homo sapiens", "organism part"=>"Isolated Cytotrophoblast"	59
900	"name"=>"GSM1014948 1", "Organism"=>"Homo sapiens", "organism part"=>"Isolated Cytotrophoblast"	59
901	"name"=>"GSM987984 1", "Organism"=>"Homo sapiens", "phenotype"=>"preeclampsia", "organism part"=>"placenta", "culture time hrs"=>"48"	60
902	"name"=>"GSM987983 1", "Organism"=>"Homo sapiens", "phenotype"=>"preeclampsia", "organism part"=>"placenta", "culture time hrs"=>"48"	60
903	"name"=>"GSM987982 1", "Organism"=>"Homo sapiens", "phenotype"=>"preeclampsia", "organism part"=>"placenta", "culture time hrs"=>"48"	60
904	"name"=>"GSM987981 1", "Organism"=>"Homo sapiens", "phenotype"=>"preeclampsia", "organism part"=>"placenta", "culture time hrs"=>"48"	60
905	"name"=>"GSM987980 1", "Organism"=>"Homo sapiens", "phenotype"=>"preeclampsia", "organism part"=>"placenta", "culture time hrs"=>"48"	60
906	"name"=>"GSM987979 1", "Organism"=>"Homo sapiens", "phenotype"=>"preeclampsia", "organism part"=>"placenta", "culture time hrs"=>"24"	60
907	"name"=>"GSM987978 1", "Organism"=>"Homo sapiens", "phenotype"=>"preeclampsia", "organism part"=>"placenta", "culture time hrs"=>"24"	60
909	"name"=>"GSM987976 1", "Organism"=>"Homo sapiens", "phenotype"=>"preeclampsia", "organism part"=>"placenta", "culture time hrs"=>"24"	60
910	"name"=>"GSM987975 1", "Organism"=>"Homo sapiens", "phenotype"=>"preeclampsia", "organism part"=>"placenta", "culture time hrs"=>"24"	60
911	"name"=>"GSM987974 1", "Organism"=>"Homo sapiens", "phenotype"=>"preeclampsia", "organism part"=>"placenta", "culture time hrs"=>"12"	60
912	"name"=>"GSM987973 1", "Organism"=>"Homo sapiens", "phenotype"=>"preeclampsia", "organism part"=>"placenta", "culture time hrs"=>"12"	60
913	"name"=>"GSM987972 1", "Organism"=>"Homo sapiens", "phenotype"=>"preeclampsia", "organism part"=>"placenta", "culture time hrs"=>"12"	60
914	"name"=>"GSM987971 1", "Organism"=>"Homo sapiens", "phenotype"=>"preeclampsia", "organism part"=>"placenta", "culture time hrs"=>"12"	60
915	"name"=>"GSM987970 1", "Organism"=>"Homo sapiens", "phenotype"=>"preeclampsia", "organism part"=>"placenta", "culture time hrs"=>"12"	60
916	"name"=>"GSM987969 1", "Organism"=>"Homo sapiens", "phenotype"=>"preeclampsia", "organism part"=>"placenta", "culture time hrs"=>NULL	60
917	"name"=>"GSM987968 1", "Organism"=>"Homo sapiens", "phenotype"=>"preeclampsia", "organism part"=>"placenta", "culture time hrs"=>NULL	60
918	"name"=>"GSM987967 1", "Organism"=>"Homo sapiens", "phenotype"=>"preeclampsia", "organism part"=>"placenta", "culture time hrs"=>NULL	60
919	"name"=>"GSM987966 1", "Organism"=>"Homo sapiens", "phenotype"=>"preeclampsia", "organism part"=>"placenta", "culture time hrs"=>NULL	60
920	"name"=>"GSM987965 1", "Organism"=>"Homo sapiens", "phenotype"=>"preeclampsia", "organism part"=>"placenta", "culture time hrs"=>NULL	60
921	"name"=>"GSM987964 1", "Organism"=>"Homo sapiens", "phenotype"=>"preterm labor", "organism part"=>"placenta", "culture time hrs"=>"48"	60
922	"name"=>"GSM987963 1", "Organism"=>"Homo sapiens", "phenotype"=>"preterm labor", "organism part"=>"placenta", "culture time hrs"=>"48"	60
923	"name"=>"GSM987962 1", "Organism"=>"Homo sapiens", "phenotype"=>"preterm labor", "organism part"=>"placenta", "culture time hrs"=>"48"	60
924	"name"=>"GSM987961 1", "Organism"=>"Homo sapiens", "phenotype"=>"preterm labor", "organism part"=>"placenta", "culture time hrs"=>"48"	60
925	"name"=>"GSM987960 1", "Organism"=>"Homo sapiens", "phenotype"=>"preterm labor", "organism part"=>"placenta", "culture time hrs"=>"24"	60
926	"name"=>"GSM987959 1", "Organism"=>"Homo sapiens", "phenotype"=>"preterm labor", "organism part"=>"placenta", "culture time hrs"=>"24"	60
927	"name"=>"GSM987958 1", "Organism"=>"Homo sapiens", "phenotype"=>"preterm labor", "organism part"=>"placenta", "culture time hrs"=>"24"	60
928	"name"=>"GSM987957 1", "Organism"=>"Homo sapiens", "phenotype"=>"preterm labor", "organism part"=>"placenta", "culture time hrs"=>"24"	60
929	"name"=>"GSM987956 1", "Organism"=>"Homo sapiens", "phenotype"=>"preterm labor", "organism part"=>"placenta", "culture time hrs"=>"24"	60
930	"name"=>"GSM987955 1", "Organism"=>"Homo sapiens", "phenotype"=>"preterm labor", "organism part"=>"placenta", "culture time hrs"=>"12"	60
931	"name"=>"GSM987954 1", "Organism"=>"Homo sapiens", "phenotype"=>"preterm labor", "organism part"=>"placenta", "culture time hrs"=>"12"	60
932	"name"=>"GSM987953 1", "Organism"=>"Homo sapiens", "phenotype"=>"preterm labor", "organism part"=>"placenta", "culture time hrs"=>"12"	60
933	"name"=>"GSM987952 1", "Organism"=>"Homo sapiens", "phenotype"=>"preterm labor", "organism part"=>"placenta", "culture time hrs"=>"12"	60
934	"name"=>"GSM987951 1", "Organism"=>"Homo sapiens", "phenotype"=>"preterm labor", "organism part"=>"placenta", "culture time hrs"=>"12"	60
935	"name"=>"GSM987950 1", "Organism"=>"Homo sapiens", "phenotype"=>"preterm labor", "organism part"=>"placenta", "culture time hrs"=>NULL	60
936	"name"=>"GSM987949 1", "Organism"=>"Homo sapiens", "phenotype"=>"preterm labor", "organism part"=>"placenta", "culture time hrs"=>NULL	60
937	"name"=>"GSM987948 1", "Organism"=>"Homo sapiens", "phenotype"=>"preterm labor", "organism part"=>"placenta", "culture time hrs"=>NULL	60
938	"name"=>"GSM987947 1", "Organism"=>"Homo sapiens", "phenotype"=>"preterm labor", "organism part"=>"placenta", "culture time hrs"=>NULL	60
939	"name"=>"GSM987946 1", "Organism"=>"Homo sapiens", "phenotype"=>"preterm labor", "organism part"=>"placenta", "culture time hrs"=>NULL	60
940	"name"=>"GSM929670 1", "Organism"=>"Homo sapiens", "organism part"=>"placenta", "gestational age"=>"18.8"	61
941	"name"=>"GSM929669 1", "Organism"=>"Homo sapiens", "organism part"=>"placenta", "gestational age"=>"17.3"	61
942	"name"=>"GSM929668 1", "Organism"=>"Homo sapiens", "organism part"=>"placenta", "gestational age"=>"17.1"	61
943	"name"=>"GSM929667 1", "Organism"=>"Homo sapiens", "organism part"=>"placenta", "gestational age"=>"18"	61
944	"name"=>"GSM880871 1", "tissue"=>"placenta", "Organism"=>"Homo sapiens", "gestation"=>"8.5 weeks", "BioSourceProvider"=>"Tissue obtained with informed consent following elective termination of pregnancy."	62
945	"name"=>"GSM880870 1", "tissue"=>"placenta", "Organism"=>"Homo sapiens", "gestation"=>"8.5 weeks", "BioSourceProvider"=>"Tissue obtained with informed consent following elective termination of pregnancy."	62
946	"name"=>"GSM880869 1", "tissue"=>"placenta", "Organism"=>"Homo sapiens", "gestation"=>"8.1 weeks", "BioSourceProvider"=>"Tissue obtained with informed consent following elective termination of pregnancy."	62
947	"name"=>"GSM880868 1", "tissue"=>"placenta", "Organism"=>"Homo sapiens", "gestation"=>"8.1 weeks", "BioSourceProvider"=>"Tissue obtained with informed consent following elective termination of pregnancy."	62
948	"name"=>"GSM880867 1", "tissue"=>"placenta", "Organism"=>"Homo sapiens", "gestation"=>"8 weeks", "BioSourceProvider"=>"Tissue obtained with informed consent following elective termination of pregnancy."	62
949	"name"=>"GSM880866 1", "tissue"=>"placenta", "Organism"=>"Homo sapiens", "gestation"=>"8 weeks", "BioSourceProvider"=>"Tissue obtained with informed consent following elective termination of pregnancy."	62
1365	"name"=>"GSM367795 1", "Organism"=>"Homo sapiens", "condition"=>"31.1wk preeclamptic"	73
1366	"name"=>"GSM367794 1", "Organism"=>"Homo sapiens", "condition"=>"30.6wk preeclamptic"	73
951	"name"=>"GSM871138 1", "batch"=>"B", "gender"=>"m", "tissue"=>"placenta", "Organism"=>"Homo sapiens", "classification"=>"control", "gestational age"=>"38", "induction of labor"=>"spontaneous"	63
952	"name"=>"GSM871137 1", "batch"=>"B", "gender"=>"f", "tissue"=>"placenta", "Organism"=>"Homo sapiens", "classification"=>"PE", "gestational age"=>"27", "induction of labor"=>"induced"	63
953	"name"=>"GSM871136 1", "batch"=>"B", "gender"=>"f", "tissue"=>"placenta", "Organism"=>"Homo sapiens", "classification"=>"control", "gestational age"=>"39", "induction of labor"=>"spontaneous"	63
954	"name"=>"GSM871135 1", "batch"=>"B", "gender"=>"m", "tissue"=>"placenta", "Organism"=>"Homo sapiens", "classification"=>"IUGR", "gestational age"=>"37", "induction of labor"=>"spontaneous"	63
955	"name"=>"GSM871134 1", "batch"=>"B", "gender"=>"f", "tissue"=>"placenta", "Organism"=>"Homo sapiens", "classification"=>"control", "gestational age"=>"40", "induction of labor"=>"induced"	63
956	"name"=>"GSM871133 1", "batch"=>"B", "gender"=>"m", "tissue"=>"placenta", "Organism"=>"Homo sapiens", "classification"=>"control", "gestational age"=>"29", "induction of labor"=>"spontaneous"	63
957	"name"=>"GSM871132 1", "batch"=>"B", "gender"=>"m", "tissue"=>"placenta", "Organism"=>"Homo sapiens", "classification"=>"IUGR", "gestational age"=>"37", "induction of labor"=>"induced"	63
958	"name"=>"GSM871131 1", "batch"=>"B", "gender"=>"f", "tissue"=>"placenta", "Organism"=>"Homo sapiens", "classification"=>"PE", "gestational age"=>"33", "induction of labor"=>"induced"	63
959	"name"=>"GSM871130 1", "batch"=>"B", "gender"=>"m", "tissue"=>"placenta", "Organism"=>"Homo sapiens", "classification"=>"control", "gestational age"=>"38", "induction of labor"=>"spontaneous"	63
960	"name"=>"GSM871129 1", "batch"=>"B", "gender"=>"f", "tissue"=>"placenta", "Organism"=>"Homo sapiens", "classification"=>"IUGR", "gestational age"=>"37", "induction of labor"=>"spontaneous"	63
961	"name"=>"GSM871128 1", "batch"=>"B", "gender"=>"m", "tissue"=>"placenta", "Organism"=>"Homo sapiens", "classification"=>"PE", "gestational age"=>"34", "induction of labor"=>"spontaneous"	63
962	"name"=>"GSM871127 1", "batch"=>"B", "gender"=>"f", "tissue"=>"placenta", "Organism"=>"Homo sapiens", "classification"=>"control", "gestational age"=>"39", "induction of labor"=>"spontaneous"	63
963	"name"=>"GSM871126 1", "batch"=>"B", "gender"=>"f", "tissue"=>"placenta", "Organism"=>"Homo sapiens", "classification"=>"PE", "gestational age"=>"32", "induction of labor"=>"spontaneous"	63
965	"name"=>"GSM871124 1", "batch"=>"B", "gender"=>"m", "tissue"=>"placenta", "Organism"=>"Homo sapiens", "classification"=>"IUGR", "gestational age"=>"33", "induction of labor"=>"induced"	63
966	"name"=>"GSM871123 1", "batch"=>"B", "gender"=>"m", "tissue"=>"placenta", "Organism"=>"Homo sapiens", "classification"=>"control", "gestational age"=>"39", "induction of labor"=>"induced"	63
967	"name"=>"GSM871122 1", "batch"=>"B", "gender"=>"f", "tissue"=>"placenta", "Organism"=>"Homo sapiens", "classification"=>"PE", "gestational age"=>"28", "induction of labor"=>"induced"	63
968	"name"=>"GSM871121 1", "batch"=>"B", "gender"=>"f", "tissue"=>"placenta", "Organism"=>"Homo sapiens", "classification"=>"IUGR", "gestational age"=>"37", "induction of labor"=>"induced"	63
969	"name"=>"GSM871120 1", "batch"=>"B", "gender"=>"m", "tissue"=>"placenta", "Organism"=>"Homo sapiens", "classification"=>"IUGR", "gestational age"=>"28", "induction of labor"=>"spontaneous"	63
970	"name"=>"GSM871119 1", "batch"=>"B", "gender"=>"m", "tissue"=>"placenta", "Organism"=>"Homo sapiens", "classification"=>"control", "gestational age"=>"39", "induction of labor"=>"spontaneous"	63
971	"name"=>"GSM871118 1", "batch"=>"B", "gender"=>"m", "tissue"=>"placenta", "Organism"=>"Homo sapiens", "classification"=>"control", "gestational age"=>"36", "induction of labor"=>"spontaneous"	63
972	"name"=>"GSM871117 1", "batch"=>"B", "gender"=>"m", "tissue"=>"placenta", "Organism"=>"Homo sapiens", "classification"=>"PE", "gestational age"=>"29", "induction of labor"=>"induced"	63
973	"name"=>"GSM871116 1", "batch"=>"B", "gender"=>"f", "tissue"=>"placenta", "Organism"=>"Homo sapiens", "classification"=>"control", "gestational age"=>"35", "induction of labor"=>"spontaneous"	63
974	"name"=>"GSM871115 1", "batch"=>"B", "gender"=>"m", "tissue"=>"placenta", "Organism"=>"Homo sapiens", "classification"=>"control", "gestational age"=>"38", "induction of labor"=>"spontaneous"	63
975	"name"=>"GSM871114 1", "batch"=>"B", "gender"=>"m", "tissue"=>"placenta", "Organism"=>"Homo sapiens", "classification"=>"control", "gestational age"=>"39", "induction of labor"=>"spontaneous"	63
976	"name"=>"GSM871113 1", "batch"=>"B", "gender"=>"f", "tissue"=>"placenta", "Organism"=>"Homo sapiens", "classification"=>"IUGR", "gestational age"=>"37", "induction of labor"=>"spontaneous"	63
977	"name"=>"GSM871112 1", "batch"=>"B", "gender"=>"f", "tissue"=>"placenta", "Organism"=>"Homo sapiens", "classification"=>"PE", "gestational age"=>"38", "induction of labor"=>"spontaneous"	63
978	"name"=>"GSM871111 1", "batch"=>"B", "gender"=>"m", "tissue"=>"placenta", "Organism"=>"Homo sapiens", "classification"=>"control", "gestational age"=>"36", "induction of labor"=>"spontaneous"	63
979	"name"=>"GSM871110 1", "batch"=>"B", "gender"=>"f", "tissue"=>"placenta", "Organism"=>"Homo sapiens", "classification"=>"IUGR", "gestational age"=>"32", "induction of labor"=>"spontaneous"	63
980	"name"=>"GSM871109 1", "batch"=>"B", "gender"=>"f", "tissue"=>"placenta", "Organism"=>"Homo sapiens", "classification"=>"IUGR", "gestational age"=>"37", "induction of labor"=>"spontaneous"	63
981	"name"=>"GSM871108 1", "batch"=>"B", "gender"=>"f", "tissue"=>"placenta", "Organism"=>"Homo sapiens", "classification"=>"control", "gestational age"=>"34", "induction of labor"=>"spontaneous"	63
982	"name"=>"GSM871107 1", "batch"=>"B", "gender"=>"f", "tissue"=>"placenta", "Organism"=>"Homo sapiens", "classification"=>"PE", "gestational age"=>"37", "induction of labor"=>"induced"	63
1054	"dose"=>"0", "name"=>"GSM786378 1", "unit"=>"nM", "ligand"=>"PBS", "Organism"=>"Homo sapiens", "cell line"=>"Swan 71"	64
984	"name"=>"GSM871105 1", "batch"=>"B", "gender"=>"f", "tissue"=>"placenta", "Organism"=>"Homo sapiens", "classification"=>"IUGR", "gestational age"=>"38", "induction of labor"=>"spontaneous"	63
985	"name"=>"GSM871104 1", "batch"=>"B", "gender"=>"m", "tissue"=>"placenta", "Organism"=>"Homo sapiens", "classification"=>"control", "gestational age"=>"39", "induction of labor"=>"induced"	63
986	"name"=>"GSM871103 1", "batch"=>"B", "gender"=>"m", "tissue"=>"placenta", "Organism"=>"Homo sapiens", "classification"=>"IUGR", "gestational age"=>"37", "induction of labor"=>"induced"	63
987	"name"=>"GSM871102 1", "batch"=>"B", "gender"=>"m", "tissue"=>"placenta", "Organism"=>"Homo sapiens", "classification"=>"control", "gestational age"=>"38", "induction of labor"=>"spontaneous"	63
988	"name"=>"GSM871101 1", "batch"=>"B", "gender"=>"f", "tissue"=>"placenta", "Organism"=>"Homo sapiens", "classification"=>"control", "gestational age"=>"40", "induction of labor"=>"induced"	63
989	"name"=>"GSM871100 1", "batch"=>"B", "gender"=>"m", "tissue"=>"placenta", "Organism"=>"Homo sapiens", "classification"=>"PE", "gestational age"=>"36", "induction of labor"=>"induced"	63
990	"name"=>"GSM871099 1", "batch"=>"B", "gender"=>"m", "tissue"=>"placenta", "Organism"=>"Homo sapiens", "classification"=>"control", "gestational age"=>"37", "induction of labor"=>"spontaneous"	63
991	"name"=>"GSM871098 1", "batch"=>"B", "gender"=>"f", "tissue"=>"placenta", "Organism"=>"Homo sapiens", "classification"=>"IUGR", "gestational age"=>"37", "induction of labor"=>"spontaneous"	63
992	"name"=>"GSM871097 1", "batch"=>"B", "gender"=>"m", "tissue"=>"placenta", "Organism"=>"Homo sapiens", "classification"=>"control", "gestational age"=>"38", "induction of labor"=>"spontaneous"	63
993	"name"=>"GSM871096 1", "batch"=>"B", "gender"=>"m", "tissue"=>"placenta", "Organism"=>"Homo sapiens", "classification"=>"PE", "gestational age"=>"34", "induction of labor"=>"induced"	63
994	"name"=>"GSM871095 1", "batch"=>"B", "gender"=>"f", "tissue"=>"placenta", "Organism"=>"Homo sapiens", "classification"=>"IUGR", "gestational age"=>"39", "induction of labor"=>"spontaneous"	63
995	"name"=>"GSM871094 1", "batch"=>"B", "gender"=>"f", "tissue"=>"placenta", "Organism"=>"Homo sapiens", "classification"=>"PE", "gestational age"=>"32", "induction of labor"=>"induced"	63
997	"name"=>"GSM871092 1", "batch"=>"B", "gender"=>"f", "tissue"=>"placenta", "Organism"=>"Homo sapiens", "classification"=>"IUGR", "gestational age"=>"32", "induction of labor"=>"spontaneous"	63
998	"name"=>"GSM871091 1", "batch"=>"B", "gender"=>"f", "tissue"=>"placenta", "Organism"=>"Homo sapiens", "classification"=>"PE", "gestational age"=>"35", "induction of labor"=>"induced"	63
999	"name"=>"GSM871090 1", "batch"=>"B", "gender"=>"m", "tissue"=>"placenta", "Organism"=>"Homo sapiens", "classification"=>"control", "gestational age"=>"39", "induction of labor"=>"induced"	63
1000	"name"=>"GSM871089 1", "batch"=>"B", "gender"=>"f", "tissue"=>"placenta", "Organism"=>"Homo sapiens", "classification"=>"control", "gestational age"=>"38", "induction of labor"=>"spontaneous"	63
1001	"name"=>"GSM871088 1", "batch"=>"B", "gender"=>"f", "tissue"=>"placenta", "Organism"=>"Homo sapiens", "classification"=>"IUGR", "gestational age"=>"37", "induction of labor"=>"induced"	63
1002	"name"=>"GSM871087 1", "batch"=>"B", "gender"=>"m", "tissue"=>"placenta", "Organism"=>"Homo sapiens", "classification"=>"IUGR", "gestational age"=>"33", "induction of labor"=>"induced"	63
1003	"name"=>"GSM871086 1", "batch"=>"B", "gender"=>"f", "tissue"=>"placenta", "Organism"=>"Homo sapiens", "classification"=>"control", "gestational age"=>"37", "induction of labor"=>"spontaneous"	63
1004	"name"=>"GSM871085 1", "batch"=>"B", "gender"=>"m", "tissue"=>"placenta", "Organism"=>"Homo sapiens", "classification"=>"IUGR", "gestational age"=>"38", "induction of labor"=>"spontaneous"	63
1005	"name"=>"GSM871084 1", "batch"=>"B", "gender"=>"m", "tissue"=>"placenta", "Organism"=>"Homo sapiens", "classification"=>"IUGR", "gestational age"=>"29", "induction of labor"=>"induced"	63
1006	"name"=>"GSM871083 1", "batch"=>"B", "gender"=>"f", "tissue"=>"placenta", "Organism"=>"Homo sapiens", "classification"=>"control", "gestational age"=>"39", "induction of labor"=>"spontaneous"	63
1007	"name"=>"GSM871082 1", "batch"=>"B", "gender"=>"m", "tissue"=>"placenta", "Organism"=>"Homo sapiens", "classification"=>"IUGR", "gestational age"=>"37", "induction of labor"=>"induced"	63
1008	"name"=>"GSM871081 1", "batch"=>"B", "gender"=>"m", "tissue"=>"placenta", "Organism"=>"Homo sapiens", "classification"=>"PE", "gestational age"=>"34", "induction of labor"=>"induced"	63
1009	"name"=>"GSM871080 1", "batch"=>"B", "gender"=>"f", "tissue"=>"placenta", "Organism"=>"Homo sapiens", "classification"=>"PE", "gestational age"=>"38", "induction of labor"=>"spontaneous"	63
1010	"name"=>"GSM871079 1", "batch"=>"B", "gender"=>"m", "tissue"=>"placenta", "Organism"=>"Homo sapiens", "classification"=>"IUGR", "gestational age"=>"37", "induction of labor"=>"induced"	63
1011	"name"=>"GSM871078 1", "batch"=>"B", "gender"=>"f", "tissue"=>"placenta", "Organism"=>"Homo sapiens", "classification"=>"IUGR", "gestational age"=>"37", "induction of labor"=>"induced"	63
1012	"name"=>"GSM871077 1", "batch"=>"B", "gender"=>"m", "tissue"=>"placenta", "Organism"=>"Homo sapiens", "classification"=>"control", "gestational age"=>"38", "induction of labor"=>"spontaneous"	63
1013	"name"=>"GSM871076 1", "batch"=>"B", "gender"=>"f", "tissue"=>"placenta", "Organism"=>"Homo sapiens", "classification"=>"PE", "gestational age"=>"27", "induction of labor"=>"induced"	63
1014	"name"=>"GSM871075 1", "batch"=>"B", "gender"=>"m", "tissue"=>"placenta", "Organism"=>"Homo sapiens", "classification"=>"control", "gestational age"=>"39", "induction of labor"=>"spontaneous"	63
1015	"name"=>"GSM871074 1", "batch"=>"B", "gender"=>"f", "tissue"=>"placenta", "Organism"=>"Homo sapiens", "classification"=>"control", "gestational age"=>"37", "induction of labor"=>"spontaneous"	63
1055	"dose"=>"0", "name"=>"GSM786377 1", "unit"=>"nM", "ligand"=>"PBS", "Organism"=>"Homo sapiens", "cell line"=>"Swan 71"	64
1017	"name"=>"GSM871072 1", "batch"=>"B", "gender"=>"f", "tissue"=>"placenta", "Organism"=>"Homo sapiens", "classification"=>"IUGR", "gestational age"=>"35", "induction of labor"=>"induced"	63
1018	"name"=>"GSM871071 1", "batch"=>"B", "gender"=>"f", "tissue"=>"placenta", "Organism"=>"Homo sapiens", "classification"=>"control", "gestational age"=>"37", "induction of labor"=>"spontaneous"	63
1019	"name"=>"GSM871070 1", "batch"=>"B", "gender"=>"m", "tissue"=>"placenta", "Organism"=>"Homo sapiens", "classification"=>"PE", "gestational age"=>"38", "induction of labor"=>"induced"	63
1020	"name"=>"GSM871069 1", "batch"=>"B", "gender"=>"f", "tissue"=>"placenta", "Organism"=>"Homo sapiens", "classification"=>"IUGR", "gestational age"=>"37", "induction of labor"=>"spontaneous"	63
1021	"name"=>"GSM871068 1", "batch"=>"A", "gender"=>"f", "tissue"=>"placenta", "Organism"=>"Homo sapiens", "classification"=>"control", "gestational age"=>"38", "induction of labor"=>"spontaneous"	63
1022	"name"=>"GSM871067 1", "batch"=>"A", "gender"=>"f", "tissue"=>"placenta", "Organism"=>"Homo sapiens", "classification"=>"control", "gestational age"=>"37", "induction of labor"=>"spontaneous"	63
1023	"name"=>"GSM871066 1", "batch"=>"A", "gender"=>"f", "tissue"=>"placenta", "Organism"=>"Homo sapiens", "classification"=>"control", "gestational age"=>"38", "induction of labor"=>"spontaneous"	63
1024	"name"=>"GSM871065 1", "batch"=>"A", "gender"=>"f", "tissue"=>"placenta", "Organism"=>"Homo sapiens", "classification"=>"IUGR", "gestational age"=>"37", "induction of labor"=>"spontaneous"	63
1025	"name"=>"GSM871064 1", "batch"=>"A", "gender"=>"m", "tissue"=>"placenta", "Organism"=>"Homo sapiens", "classification"=>"control", "gestational age"=>"38", "induction of labor"=>"induced"	63
1026	"name"=>"GSM871063 1", "batch"=>"A", "gender"=>"f", "tissue"=>"placenta", "Organism"=>"Homo sapiens", "classification"=>"IUGR", "gestational age"=>"38", "induction of labor"=>"spontaneous"	63
1027	"name"=>"GSM871062 1", "batch"=>"A", "gender"=>"f", "tissue"=>"placenta", "Organism"=>"Homo sapiens", "classification"=>"IUGR", "gestational age"=>"37", "induction of labor"=>"spontaneous"	63
1028	"name"=>"GSM871061 1", "batch"=>"A", "gender"=>"m", "tissue"=>"placenta", "Organism"=>"Homo sapiens", "classification"=>"IUGR", "gestational age"=>"37", "induction of labor"=>"induced"	63
1029	"name"=>"GSM871060 1", "batch"=>"A", "gender"=>"m", "tissue"=>"placenta", "Organism"=>"Homo sapiens", "classification"=>"control", "gestational age"=>"38", "induction of labor"=>"spontaneous"	63
1030	"name"=>"GSM871059 1", "batch"=>"A", "gender"=>"f", "tissue"=>"placenta", "Organism"=>"Homo sapiens", "classification"=>"control", "gestational age"=>"37", "induction of labor"=>"induced"	63
1031	"name"=>"GSM871058 1", "batch"=>"A", "gender"=>"m", "tissue"=>"placenta", "Organism"=>"Homo sapiens", "classification"=>"control", "gestational age"=>"35", "induction of labor"=>"spontaneous"	63
1032	"name"=>"GSM871057 1", "batch"=>"A", "gender"=>"f", "tissue"=>"placenta", "Organism"=>"Homo sapiens", "classification"=>"IUGR", "gestational age"=>"39", "induction of labor"=>"spontaneous"	63
1033	"name"=>"GSM871056 1", "batch"=>"A", "gender"=>"m", "tissue"=>"placenta", "Organism"=>"Homo sapiens", "classification"=>"control", "gestational age"=>"37", "induction of labor"=>"spontaneous"	63
1034	"name"=>"GSM871055 1", "batch"=>"A", "gender"=>"f", "tissue"=>"placenta", "Organism"=>"Homo sapiens", "classification"=>"IUGR", "gestational age"=>"37", "induction of labor"=>"induced"	63
1035	"name"=>"GSM871054 1", "batch"=>"A", "gender"=>"f", "tissue"=>"placenta", "Organism"=>"Homo sapiens", "classification"=>"control", "gestational age"=>"39", "induction of labor"=>"spontaneous"	63
1036	"name"=>"GSM871053 1", "batch"=>"A", "gender"=>"f", "tissue"=>"placenta", "Organism"=>"Homo sapiens", "classification"=>"IUGR", "gestational age"=>"37", "induction of labor"=>"spontaneous"	63
1037	"name"=>"GSM871052 1", "batch"=>"A", "gender"=>"m", "tissue"=>"placenta", "Organism"=>"Homo sapiens", "classification"=>"control", "gestational age"=>"39", "induction of labor"=>"spontaneous"	63
1038	"name"=>"GSM871051 1", "batch"=>"A", "gender"=>"m", "tissue"=>"placenta", "Organism"=>"Homo sapiens", "classification"=>"control", "gestational age"=>"39", "induction of labor"=>"spontaneous"	63
1039	"name"=>"GSM871050 1", "batch"=>"A", "gender"=>"m", "tissue"=>"placenta", "Organism"=>"Homo sapiens", "classification"=>"PE", "gestational age"=>"34", "induction of labor"=>"induced"	63
1040	"name"=>"GSM871049 1", "batch"=>"A", "gender"=>"m", "tissue"=>"placenta", "Organism"=>"Homo sapiens", "classification"=>"PE", "gestational age"=>"37", "induction of labor"=>"induced"	63
1041	"name"=>"GSM871048 1", "batch"=>"A", "gender"=>"f", "tissue"=>"placenta", "Organism"=>"Homo sapiens", "classification"=>"IUGR", "gestational age"=>"37", "induction of labor"=>"induced"	63
1042	"name"=>"GSM871047 1", "batch"=>"A", "gender"=>"f", "tissue"=>"placenta", "Organism"=>"Homo sapiens", "classification"=>"PE", "gestational age"=>"36", "induction of labor"=>"spontaneous"	63
1043	"name"=>"GSM871046 1", "batch"=>"A", "gender"=>"m", "tissue"=>"placenta", "Organism"=>"Homo sapiens", "classification"=>"IUGR", "gestational age"=>"38", "induction of labor"=>"spontaneous"	63
1044	"dose"=>"200", "name"=>"GSM786388 1", "unit"=>"nM", "ligand"=>"CoCl2", "Organism"=>"Homo sapiens", "cell line"=>"Swan 71"	64
1045	"dose"=>"200", "name"=>"GSM786387 1", "unit"=>"nM", "ligand"=>"CoCl2", "Organism"=>"Homo sapiens", "cell line"=>"Swan 71"	64
1046	"dose"=>"200", "name"=>"GSM786386 1", "unit"=>"nM", "ligand"=>"CoCl2", "Organism"=>"Homo sapiens", "cell line"=>"Swan 71"	64
1047	"dose"=>"400", "name"=>"GSM786385 1", "unit"=>"nM", "ligand"=>"CoCl2", "Organism"=>"Homo sapiens", "cell line"=>"Swan 71"	64
1048	"dose"=>"400", "name"=>"GSM786384 1", "unit"=>"nM", "ligand"=>"CoCl2", "Organism"=>"Homo sapiens", "cell line"=>"Swan 71"	64
1049	"dose"=>"400", "name"=>"GSM786383 1", "unit"=>"nM", "ligand"=>"CoCl2", "Organism"=>"Homo sapiens", "cell line"=>"Swan 71"	64
1050	"dose"=>"600", "name"=>"GSM786382 1", "unit"=>"nM", "ligand"=>"CoCl2", "Organism"=>"Homo sapiens", "cell line"=>"Swan 71"	64
1057	"dose"=>"1", "name"=>"GSM786375 1", "unit"=>"ng/ml", "ligand"=>"TNFα", "Organism"=>"Homo sapiens", "cell line"=>"Swan 71"	64
1058	"dose"=>"1", "name"=>"GSM786374 1", "unit"=>"ng/ml", "ligand"=>"TNFα", "Organism"=>"Homo sapiens", "cell line"=>"Swan 71"	64
1059	"dose"=>"10", "name"=>"GSM786373 1", "unit"=>"ng/ml", "ligand"=>"TNFα", "Organism"=>"Homo sapiens", "cell line"=>"Swan 71"	64
1060	"dose"=>"10", "name"=>"GSM786372 1", "unit"=>"ng/ml", "ligand"=>"TNFα", "Organism"=>"Homo sapiens", "cell line"=>"Swan 71"	64
1061	"dose"=>"10", "name"=>"GSM786371 1", "unit"=>"ng/ml", "ligand"=>"TNFα", "Organism"=>"Homo sapiens", "cell line"=>"Swan 71"	64
1062	"dose"=>"100", "name"=>"GSM786370 1", "unit"=>"ng/ml", "ligand"=>"TNFα", "Organism"=>"Homo sapiens", "cell line"=>"Swan 71"	64
1063	"dose"=>"100", "name"=>"GSM786369 1", "unit"=>"ng/ml", "ligand"=>"TNFα", "Organism"=>"Homo sapiens", "cell line"=>"Swan 71"	64
1064	"dose"=>"100", "name"=>"GSM786368 1", "unit"=>"ng/ml", "ligand"=>"TNFα", "Organism"=>"Homo sapiens", "cell line"=>"Swan 71"	64
1065	"dose"=>"0", "name"=>"GSM786367 1", "unit"=>"ng/ml", "ligand"=>"PBS", "Organism"=>"Homo sapiens", "cell line"=>"Swan 71"	64
1066	"dose"=>"0", "name"=>"GSM786366 1", "unit"=>"ng/ml", "ligand"=>"PBS", "Organism"=>"Homo sapiens", "cell line"=>"Swan 71"	64
1067	"dose"=>"0", "name"=>"GSM786365 1", "unit"=>"ng/ml", "ligand"=>"PBS", "Organism"=>"Homo sapiens", "cell line"=>"Swan 71"	64
1068	"dose"=>"1", "name"=>"GSM786364 1", "unit"=>"ng/ml", "ligand"=>"IL-1β", "Organism"=>"Homo sapiens", "cell line"=>"Swan 71"	64
1069	"dose"=>"1", "name"=>"GSM786363 1", "unit"=>"ng/ml", "ligand"=>"IL-1β", "Organism"=>"Homo sapiens", "cell line"=>"Swan 71"	64
1070	"dose"=>"1", "name"=>"GSM786362 1", "unit"=>"ng/ml", "ligand"=>"IL-1β", "Organism"=>"Homo sapiens", "cell line"=>"Swan 71"	64
1071	"dose"=>"10", "name"=>"GSM786361 1", "unit"=>"ng/ml", "ligand"=>"IL-1β", "Organism"=>"Homo sapiens", "cell line"=>"Swan 71"	64
1072	"dose"=>"10", "name"=>"GSM786360 1", "unit"=>"ng/ml", "ligand"=>"IL-1β", "Organism"=>"Homo sapiens", "cell line"=>"Swan 71"	64
1073	"dose"=>"10", "name"=>"GSM786359 1", "unit"=>"ng/ml", "ligand"=>"IL-1β", "Organism"=>"Homo sapiens", "cell line"=>"Swan 71"	64
1074	"dose"=>"100", "name"=>"GSM786358 1", "unit"=>"ng/ml", "ligand"=>"IL-1β", "Organism"=>"Homo sapiens", "cell line"=>"Swan 71"	64
1075	"dose"=>"100", "name"=>"GSM786357 1", "unit"=>"ng/ml", "ligand"=>"IL-1β", "Organism"=>"Homo sapiens", "cell line"=>"Swan 71"	64
1076	"dose"=>"100", "name"=>"GSM786356 1", "unit"=>"ng/ml", "ligand"=>"IL-1β", "Organism"=>"Homo sapiens", "cell line"=>"Swan 71"	64
1077	"dose"=>"0", "name"=>"GSM786355 1", "unit"=>"ng/ml", "ligand"=>"PBS", "Organism"=>"Homo sapiens", "cell line"=>"Swan 71"	64
1078	"dose"=>"0", "name"=>"GSM786354 1", "unit"=>"ng/ml", "ligand"=>"PBS", "Organism"=>"Homo sapiens", "cell line"=>"Swan 71"	64
1079	"dose"=>"0", "name"=>"GSM786353 1", "unit"=>"ng/ml", "ligand"=>"PBS", "Organism"=>"Homo sapiens", "cell line"=>"Swan 71"	64
1080	"dose"=>"0", "name"=>"GSM786352 1", "unit"=>"ng/ml", "ligand"=>"PBS", "Organism"=>"Homo sapiens", "cell line"=>"Swan 71"	64
1081	"dose"=>"0", "name"=>"GSM786351 1", "unit"=>"ng/ml", "ligand"=>"PBS", "Organism"=>"Homo sapiens", "cell line"=>"Swan 71"	64
1082	"dose"=>"0", "name"=>"GSM786350 1", "unit"=>"ng/ml", "ligand"=>"PBS", "Organism"=>"Homo sapiens", "cell line"=>"Swan 71"	64
1083	"age"=>"29 years", "name"=>"GSM747309 1", "tissue"=>"normal placentas", "Organism"=>"Homo sapiens", "ethnic group"=>"Chinese"	65
1084	"age"=>"28 years", "name"=>"GSM747308 1", "tissue"=>"normal placentas", "Organism"=>"Homo sapiens", "ethnic group"=>"Chinese"	65
1085	"age"=>"32 years", "name"=>"GSM747307 1", "tissue"=>"normal placentas", "Organism"=>"Homo sapiens", "ethnic group"=>"Chinese"	65
1086	"age"=>"27 years", "name"=>"GSM747306 1", "tissue"=>"normal placentas", "Organism"=>"Homo sapiens", "ethnic group"=>"Chinese"	65
1087	"age"=>"27 years", "name"=>"GSM747305 1", "tissue"=>"normal placentas", "Organism"=>"Homo sapiens", "ethnic group"=>"Chinese"	65
1088	"age"=>"28 years", "name"=>"GSM747304 1", "tissue"=>"normal placentas", "Organism"=>"Homo sapiens", "ethnic group"=>"Chinese"	65
1089	"age"=>"31 years", "name"=>"GSM747303 1", "tissue"=>"placentas from preeclamptic pregnancies", "Organism"=>"Homo sapiens", "ethnic group"=>"Chinese"	65
1090	"age"=>"20 years", "name"=>"GSM747302 1", "tissue"=>"placentas from preeclamptic pregnancies", "Organism"=>"Homo sapiens", "ethnic group"=>"Chinese"	65
1092	"age"=>"30 years", "name"=>"GSM747300 1", "tissue"=>"placentas from preeclamptic pregnancies", "Organism"=>"Homo sapiens", "ethnic group"=>"Chinese"	65
1093	"age"=>"23 years", "name"=>"GSM747299 1", "tissue"=>"placentas from preeclamptic pregnancies", "Organism"=>"Homo sapiens", "ethnic group"=>"Chinese"	65
1094	"age"=>"24 years", "name"=>"GSM747298 1", "tissue"=>"placentas from preeclamptic pregnancies", "Organism"=>"Homo sapiens", "ethnic group"=>"Chinese"	65
1095	"name"=>"GSM396437 1", "tissue"=>"placentae", "Organism"=>"Homo sapiens", "phenotype"=>"severe pre-eclampsia"	66
1096	"name"=>"GSM396437 2", "tissue"=>"placentae", "Organism"=>"Homo sapiens", "phenotype"=>"normal"	66
1097	"name"=>"GSM396436 1", "tissue"=>"placentae", "Organism"=>"Homo sapiens", "phenotype"=>"severe pre-eclampsia"	66
1098	"name"=>"GSM396436 2", "tissue"=>"placentae", "Organism"=>"Homo sapiens", "phenotype"=>"normal"	66
1099	"name"=>"GSM396435 2", "tissue"=>"placentae", "Organism"=>"Homo sapiens", "phenotype"=>"normal"	66
1100	"name"=>"GSM396435 1", "tissue"=>"placentae", "Organism"=>"Homo sapiens", "phenotype"=>"severe pre-eclampsia"	66
1101	"name"=>"GSM396434 1", "tissue"=>"placentae", "Organism"=>"Homo sapiens", "phenotype"=>"severe pre-eclampsia"	66
1104	"name"=>"GSM396433 2", "tissue"=>"placentae", "Organism"=>"Homo sapiens", "phenotype"=>"normal"	66
1105	"name"=>"GSM396432 2", "tissue"=>"placentae", "Organism"=>"Homo sapiens", "phenotype"=>"normal"	66
1106	"name"=>"GSM396432 1", "tissue"=>"placentae", "Organism"=>"Homo sapiens", "phenotype"=>"severe pre-eclampsia"	66
1107	"name"=>"GSM396431 2", "tissue"=>"placentae", "Organism"=>"Homo sapiens", "phenotype"=>"normal"	66
1109	"name"=>"GSM396430 2", "tissue"=>"placentae", "Organism"=>"Homo sapiens", "phenotype"=>"normal"	66
1110	"name"=>"GSM396430 1", "tissue"=>"placentae", "Organism"=>"Homo sapiens", "phenotype"=>"severe pre-eclampsia"	66
1111	"name"=>"GSM396437 1", "tissue"=>"placentae", "Organism"=>"Homo sapiens", "cell line"=>NULL, "cell type"=>NULL, "phenotype"=>"severe pre-eclampsia"	67
1112	"name"=>"GSM396437 2", "tissue"=>"placentae", "Organism"=>"Homo sapiens", "cell line"=>NULL, "cell type"=>NULL, "phenotype"=>"normal"	67
1113	"name"=>"GSM396436 1", "tissue"=>"placentae", "Organism"=>"Homo sapiens", "cell line"=>NULL, "cell type"=>NULL, "phenotype"=>"severe pre-eclampsia"	67
1114	"name"=>"GSM396436 2", "tissue"=>"placentae", "Organism"=>"Homo sapiens", "cell line"=>NULL, "cell type"=>NULL, "phenotype"=>"normal"	67
1115	"name"=>"GSM396435 1", "tissue"=>"placentae", "Organism"=>"Homo sapiens", "cell line"=>NULL, "cell type"=>NULL, "phenotype"=>"severe pre-eclampsia"	67
1116	"name"=>"GSM396435 2", "tissue"=>"placentae", "Organism"=>"Homo sapiens", "cell line"=>NULL, "cell type"=>NULL, "phenotype"=>"normal"	67
1117	"name"=>"GSM396434 1", "tissue"=>"placentae", "Organism"=>"Homo sapiens", "cell line"=>NULL, "cell type"=>NULL, "phenotype"=>"severe pre-eclampsia"	67
1118	"name"=>"GSM396434 2", "tissue"=>"placentae", "Organism"=>"Homo sapiens", "cell line"=>NULL, "cell type"=>NULL, "phenotype"=>"normal"	67
1119	"name"=>"GSM396433 1", "tissue"=>"placentae", "Organism"=>"Homo sapiens", "cell line"=>NULL, "cell type"=>NULL, "phenotype"=>"severe pre-eclampsia"	67
1120	"name"=>"GSM396433 2", "tissue"=>"placentae", "Organism"=>"Homo sapiens", "cell line"=>NULL, "cell type"=>NULL, "phenotype"=>"normal"	67
1121	"name"=>"GSM396432 1", "tissue"=>"placentae", "Organism"=>"Homo sapiens", "cell line"=>NULL, "cell type"=>NULL, "phenotype"=>"severe pre-eclampsia"	67
1122	"name"=>"GSM396432 2", "tissue"=>"placentae", "Organism"=>"Homo sapiens", "cell line"=>NULL, "cell type"=>NULL, "phenotype"=>"normal"	67
1123	"name"=>"GSM396431 2", "tissue"=>"placentae", "Organism"=>"Homo sapiens", "cell line"=>NULL, "cell type"=>NULL, "phenotype"=>"normal"	67
1124	"name"=>"GSM396431 1", "tissue"=>"placentae", "Organism"=>"Homo sapiens", "cell line"=>NULL, "cell type"=>NULL, "phenotype"=>"severe pre-eclampsia"	67
1125	"name"=>"GSM396430 2", "tissue"=>"placentae", "Organism"=>"Homo sapiens", "cell line"=>NULL, "cell type"=>NULL, "phenotype"=>"normal"	67
1126	"name"=>"GSM396430 1", "tissue"=>"placentae", "Organism"=>"Homo sapiens", "cell line"=>NULL, "cell type"=>NULL, "phenotype"=>"severe pre-eclampsia"	67
1128	"name"=>"GSM396428 1", "tissue"=>NULL, "Organism"=>"Homo sapiens", "cell line"=>"Lxn (-) cell line MGC803", "cell type"=>"MGC803 gastric epithelial cancer cell line, vehicle-treated", "phenotype"=>NULL	67
1129	"name"=>"GSM559364 2", "Organism"=>"Homo sapiens", "gestational age"=>"term", "gestational age (w+d)"=>NULL	68
1130	"name"=>"GSM559364 1", "Organism"=>"Homo sapiens", "gestational age"=>NULL, "gestational age (w+d)"=>"24+6"	68
1131	"name"=>"GSM559363 1", "Organism"=>"Homo sapiens", "gestational age"=>NULL, "gestational age (w+d)"=>"24+4"	68
1132	"name"=>"GSM559363 2", "Organism"=>"Homo sapiens", "gestational age"=>"term", "gestational age (w+d)"=>NULL	68
1133	"name"=>"GSM559362 2", "Organism"=>"Homo sapiens", "gestational age"=>"term", "gestational age (w+d)"=>NULL	68
1134	"name"=>"GSM559362 1", "Organism"=>"Homo sapiens", "gestational age"=>NULL, "gestational age (w+d)"=>"30+4"	68
1135	"name"=>"GSM559361 1", "Organism"=>"Homo sapiens", "gestational age"=>NULL, "gestational age (w+d)"=>"29+2"	68
1136	"name"=>"GSM559361 2", "Organism"=>"Homo sapiens", "gestational age"=>"term", "gestational age (w+d)"=>NULL	68
1137	"name"=>"GSM559360 1", "Organism"=>"Homo sapiens", "gestational age"=>NULL, "gestational age (w+d)"=>"26+2"	68
1138	"name"=>"GSM559360 2", "Organism"=>"Homo sapiens", "gestational age"=>"term", "gestational age (w+d)"=>NULL	68
1139	"name"=>"GSM559359 2", "Organism"=>"Homo sapiens", "gestational age"=>"term", "gestational age (w+d)"=>NULL	68
1140	"name"=>"GSM559359 1", "Organism"=>"Homo sapiens", "gestational age"=>NULL, "gestational age (w+d)"=>"29+2"	68
1141	"name"=>"GSM559358 1", "Organism"=>"Homo sapiens", "gestational age"=>NULL, "gestational age (w+d)"=>"29+6"	68
1142	"name"=>"GSM559358 2", "Organism"=>"Homo sapiens", "gestational age"=>"term", "gestational age (w+d)"=>NULL	68
1143	"name"=>"GSM559357 2", "Organism"=>"Homo sapiens", "gestational age"=>"term", "gestational age (w+d)"=>NULL	68
1144	"name"=>"GSM559357 1", "Organism"=>"Homo sapiens", "gestational age"=>NULL, "gestational age (w+d)"=>"29+6"	68
1145	"name"=>"GSM559356 1", "Organism"=>"Homo sapiens", "gestational age"=>NULL, "gestational age (w+d)"=>"39+6"	68
1146	"name"=>"GSM559356 2", "Organism"=>"Homo sapiens", "gestational age"=>"term", "gestational age (w+d)"=>NULL	68
1147	"name"=>"GSM559355 2", "Organism"=>"Homo sapiens", "gestational age"=>"term", "gestational age (w+d)"=>NULL	68
1148	"name"=>"GSM559355 1", "Organism"=>"Homo sapiens", "gestational age"=>NULL, "gestational age (w+d)"=>"38+0"	68
1149	"name"=>"GSM559354 1", "Organism"=>"Homo sapiens", "gestational age"=>NULL, "gestational age (w+d)"=>"37+1"	68
1150	"name"=>"GSM559354 2", "Organism"=>"Homo sapiens", "gestational age"=>"term", "gestational age (w+d)"=>NULL	68
26	"name"=>"GSM1917684 1", "organism"=>"Homo sapiens", "sample type"=>"pooled-sample reference", "organism part"=>"placental tissue", "subject status"=>"controls who delivered at term (>36 weeks)"	35
34	"name"=>"GSM1917680 1", "organism"=>"Homo sapiens", "sample type"=>"pooled-sample reference", "organism part"=>"placental tissue", "subject status"=>"controls who delivered at term (>36 weeks)"	35
67	"name"=>"GSM1917664 1", "organism"=>"Homo sapiens", "sample type"=>"pooled-sample reference", "organism part"=>"placental tissue", "subject status"=>"controls who delivered at term (>36 weeks)"	35
101	"name"=>"GSM1891999 1", "race"=>"African American", "organism"=>"Homo sapiens", "diagnosis"=>"normotensive", "maternal age"=>"20", "organism part"=>"placenta", "gestational age"=>"37"	36
135	"name"=>"GSM1892037 1", "race"=>"39", "organism"=>"Homo sapiens", "diagnosis"=>"normotensive", "maternal age"=>"34", "organism part"=>"placenta", "gestational age"=>"Caucasian"	36
169	"name"=>"GSM1892039 1", "race"=>"33", "organism"=>"Homo sapiens", "diagnosis"=>"preeclamptic", "maternal age"=>"28", "organism part"=>"placenta", "gestational age"=>"African American"	37
203	"name"=>"GSM1892005 1", "race"=>"Hispanic", "organism"=>"Homo sapiens", "diagnosis"=>"normotensive", "maternal age"=>"20", "organism part"=>"placenta", "gestational age"=>"40"	38
220	"name"=>"GSM1480167 1", "parity"=>"1", "organism"=>"Homo sapiens", "gravidity"=>"1", "infant sex"=>"female", "organism part"=>"decidua basalis", "subject status"=>"pre-eclamptic patient", "infant weight g"=>"730", "maternal age yrs"=>"41", "gestational age wks"=>"27"	39
232	"name"=>"GSM1480155 1", "parity"=>"2", "organism"=>"Homo sapiens", "gravidity"=>"3", "infant sex"=>"male", "organism part"=>"decidua basalis", "subject status"=>"pre-eclamptic patient", "infant weight g"=>"3978", "maternal age yrs"=>"34", "gestational age wks"=>"37"	39
257	"name"=>"GSM1480130 1", "parity"=>"2", "organism"=>"Homo sapiens", "gravidity"=>"2", "infant sex"=>"female", "organism part"=>"decidua basalis", "subject status"=>"pre-eclamptic patient", "infant weight g"=>"1970", "maternal age yrs"=>"42", "gestational age wks"=>"33"	39
281	"name"=>"GSM1480106 1", "parity"=>"2", "organism"=>"Homo sapiens", "gravidity"=>"3", "infant sex"=>"male", "organism part"=>"decidua basalis", "subject status"=>"normotensive control patient", "infant weight g"=>"4415", "maternal age yrs"=>"30", "gestational age wks"=>"38"	39
306	"name"=>"GSM1480081 1", "parity"=>"1", "organism"=>"Homo sapiens", "gravidity"=>"1", "infant sex"=>"female", "organism part"=>"decidua basalis", "subject status"=>"pre-eclamptic patient", "infant weight g"=>"2110", "maternal age yrs"=>"29", "gestational age wks"=>"34"	39
331	"name"=>"GSM1480056 1", "parity"=>"1", "organism"=>"Homo sapiens", "gravidity"=>"1", "infant sex"=>"male", "organism part"=>"decidua basalis", "subject status"=>"normotensive control patient", "infant weight g"=>"3566", "maternal age yrs"=>"35", "gestational age wks"=>"41"	39
364	"name"=>"20-621", "organism"=>"Homo sapiens", "organism part"=>"placental vilous", "clinical history"=>"low risk of developing placental complications"	40
367	"name"=>"Sample 1", "pool"=>"RNA pooled from 2 independent cultures of cells exposed to plasma from women with mild preeclampsia", "disease"=>"mild preeclampsia", "organism"=>"Homo sapiens", "cell line"=>"HUVEC cell line"	41
399	"name"=>"GSM1314477 1", "cell id"=>"PE L", "organism"=>"Homo sapiens", "cell type"=>"umbilical cord fibroblast", "diagnosis"=>"preeclampsia", "passage #"=>"5"	43
437	"name"=>"GSM1314439 1", "cell id"=>"CTL #6", "organism"=>"Homo sapiens", "cell type"=>"umbilical cord fibroblast", "diagnosis"=>"healthy", "passage #"=>"3"	43
442	"jury"=>"4.1", "name"=>"GSM1432449 1", "organism"=>"Homo sapiens", "fetal sex"=>"male", "nulliparous"=>"0", "maternal race"=>"White", "organism part"=>"placenta", "uric acid mg/dl"=>"5.5", "pre-pregancy bmi"=>"25.85", "maternal age years"=>"19.63", "systolic bp <20 weeks mmhg"=>"127", "diastolic bp <20 weeks mmhg"=>"69", "systolic bp at delivery mmhg"=>"168", "diastolic bp at delivery mmhg"=>"108", "gestational age at delivery weeks"=>"29.71"	44
456	"jury"=>"4", "name"=>"GSM1432435 1", "organism"=>"Homo sapiens", "fetal sex"=>"male", "nulliparous"=>"0", "maternal race"=>"White", "organism part"=>"placenta", "uric acid mg/dl"=>"6.4", "pre-pregancy bmi"=>"29.24", "maternal age years"=>"27.30", "systolic bp <20 weeks mmhg"=>"125", "diastolic bp <20 weeks mmhg"=>"73", "systolic bp at delivery mmhg"=>"154", "diastolic bp at delivery mmhg"=>"98", "gestational age at delivery weeks"=>"29.29"	44
472	"jury"=>"6", "name"=>"GSM1432419 1", "organism"=>"Homo sapiens", "fetal sex"=>"female", "nulliparous"=>"0", "maternal race"=>"White", "organism part"=>"placenta", "uric acid mg/dl"=>"n/a", "pre-pregancy bmi"=>"21.46", "maternal age years"=>"23.04", "systolic bp <20 weeks mmhg"=>"108", "diastolic bp <20 weeks mmhg"=>"64", "systolic bp at delivery mmhg"=>"128", "diastolic bp at delivery mmhg"=>"68", "gestational age at delivery weeks"=>"39.71"	44
488	"jury"=>"6", "name"=>"GSM1432403 1", "organism"=>"Homo sapiens", "fetal sex"=>"female", "nulliparous"=>"0", "maternal race"=>"White", "organism part"=>"placenta", "uric acid mg/dl"=>"n/a", "pre-pregancy bmi"=>"25.92", "maternal age years"=>"21.84", "systolic bp <20 weeks mmhg"=>"103", "diastolic bp <20 weeks mmhg"=>"66", "systolic bp at delivery mmhg"=>"122", "diastolic bp at delivery mmhg"=>"65", "gestational age at delivery weeks"=>"40.71"	44
527	"name"=>"GSM1388237 1", "organism"=>"Homo sapiens", "disease state"=>"normal", "organism part"=>"placenta", "gestational classification"=>"Term"	45
562	"age"=>"31", "name"=>"GSM1177784 1", "matching"=>"B", "organism"=>"Homo sapiens", "severity"=>"NA", "organism part"=>"blood", "disease status"=>"healthy", "gestational age weeks"=>"37"	46
1152	"name"=>"GSM559353 1", "Organism"=>"Homo sapiens", "gestational age"=>NULL, "gestational age (w+d)"=>"40+5"	68
1153	"name"=>"GSM559352 1", "Organism"=>"Homo sapiens", "gestational age"=>NULL, "gestational age (w+d)"=>"40+2"	68
1154	"name"=>"GSM559352 2", "Organism"=>"Homo sapiens", "gestational age"=>"term", "gestational age (w+d)"=>NULL	68
1155	"name"=>"GSM559351 2", "Organism"=>"Homo sapiens", "gestational age"=>"term", "gestational age (w+d)"=>NULL	68
1156	"name"=>"GSM559351 1", "Organism"=>"Homo sapiens", "gestational age"=>NULL, "gestational age (w+d)"=>"40+2"	68
1157	"name"=>"GSM559350 2", "Organism"=>"Homo sapiens", "gestational age"=>"term", "gestational age (w+d)"=>NULL	68
1158	"name"=>"GSM559350 1", "Organism"=>"Homo sapiens", "gestational age"=>NULL, "gestational age (w+d)"=>"37+0"	68
611	"Sex"=>"male", "name"=>"GSM1197684 1", "genotype"=>"control", "organism"=>"Homo sapiens", "organism part"=>"placental chorionic villus", "gestational age weeks"=>"33.72"	49
646	"cd14"=>"NO", "name"=>"GSM948986 1", "organism"=>"Homo sapiens", "cell type"=>"MGC", "source placenta"=>"1", "biological replicate"=>"1", "time days of culture"=>"9"	50
686	"name"=>"GSM1089230 1", "organism"=>"Homo sapiens", "condition"=>"EOPET", "fetus gender"=>NULL, "organism part"=>"Chorionic Villi", "gestational age weeks"=>"33.7"	54
721	"name"=>"GSM1088608 1", "organism"=>"Homo sapiens", "condition"=>"EOPET", "fetus gender"=>"male", "organism part"=>"placental chorionic villus", "gestational age weeks"=>"24.86"	54
758	"name"=>"GSM1088627 1", "organism"=>"Homo sapiens", "condition"=>"control", "fetus gender"=>"female", "organism part"=>"placental chorionic villus", "gestational age weeks"=>"32.56"	56
804	"name"=>"GSM1015135 1", "Organism"=>"Homo sapiens", "organism part"=>"Fused Cytotrophoblast cells (syncitiotrophoblast)"	58
854	"name"=>"GSM1015085 1", "Organism"=>"Homo sapiens", "organism part"=>"Isolated Cytotrophoblast"	58
908	"name"=>"GSM987977 1", "Organism"=>"Homo sapiens", "phenotype"=>"preeclampsia", "organism part"=>"placenta", "culture time hrs"=>"24"	60
950	"name"=>"GSM871139 1", "batch"=>"B", "gender"=>"f", "tissue"=>"placenta", "Organism"=>"Homo sapiens", "classification"=>"IUGR", "gestational age"=>"25", "induction of labor"=>"spontaneous"	63
964	"name"=>"GSM871125 1", "batch"=>"B", "gender"=>"f", "tissue"=>"placenta", "Organism"=>"Homo sapiens", "classification"=>"control", "gestational age"=>"38", "induction of labor"=>"spontaneous"	63
983	"name"=>"GSM871106 1", "batch"=>"B", "gender"=>"f", "tissue"=>"placenta", "Organism"=>"Homo sapiens", "classification"=>"IUGR", "gestational age"=>"26", "induction of labor"=>"spontaneous"	63
996	"name"=>"GSM871093 1", "batch"=>"B", "gender"=>"m", "tissue"=>"placenta", "Organism"=>"Homo sapiens", "classification"=>"control", "gestational age"=>"37", "induction of labor"=>"spontaneous"	63
1016	"name"=>"GSM871073 1", "batch"=>"B", "gender"=>"m", "tissue"=>"placenta", "Organism"=>"Homo sapiens", "classification"=>"IUGR", "gestational age"=>"39", "induction of labor"=>"induced"	63
1056	"dose"=>"1", "name"=>"GSM786376 1", "unit"=>"ng/ml", "ligand"=>"TNFα", "Organism"=>"Homo sapiens", "cell line"=>"Swan 71"	64
1091	"age"=>"28 years", "name"=>"GSM747301 1", "tissue"=>"placentas from preeclamptic pregnancies", "Organism"=>"Homo sapiens", "ethnic group"=>"Chinese"	65
1108	"name"=>"GSM396431 1", "tissue"=>"placentae", "Organism"=>"Homo sapiens", "phenotype"=>"severe pre-eclampsia"	66
1127	"name"=>"GSM396428 2", "tissue"=>NULL, "Organism"=>"Homo sapiens", "cell line"=>"Lxn (+) cell line C39-8", "cell type"=>"MGC803 gastric epithelial cancer cell line, transformed with vector containing Lxn gene", "phenotype"=>NULL	67
1151	"name"=>"GSM559353 2", "Organism"=>"Homo sapiens", "gestational age"=>"term", "gestational age (w+d)"=>NULL	68
1498	"Sex"=>"female", "name"=>"F42EVT", "CellLine"=>"primary extra-villous trophoblast cell line", "CellType"=>"Extra-villous trophoblast", "Organism"=>"Homo sapiens", "DiseaseState"=>"normal", "OrganismPart"=>"placenta", "BioSourceType"=>"fresh_sample", "BioSourceProvider"=>"Dr. Andrew Sharkey, Department of Pathology and Centre for Trophoblast Research, University of Cambridge, United Kingdom"	83
1499	"Sex"=>"unknown_sex", "name"=>"JEG2", "CellLine"=>"JEG3", "CellType"=>"epithelial cell", "Organism"=>"Homo sapiens", "DiseaseState"=>"Choriocarcinoma", "OrganismPart"=>"placenta", "BioSourceType"=>"fresh_sample", "BioSourceProvider"=>"Dr. Andrew Sharkey, Department of Pathology and Centre for Trophoblast Research, University of Cambridge, United Kingdom"	83
1500	"Sex"=>"female", "name"=>"G25VT", "CellLine"=>"primary villous trophopblast cell line", "CellType"=>"Villous trophoblast", "Organism"=>"Homo sapiens", "DiseaseState"=>"normal", "OrganismPart"=>"placenta", "BioSourceType"=>"fresh_sample", "BioSourceProvider"=>"Dr. Andrew Sharkey, Department of Pathology and Centre for Trophoblast Research, University of Cambridge, United Kingdom"	83
1501	"Sex"=>"unknown_sex", "name"=>"JAR2", "CellLine"=>"JAR", "CellType"=>"epithelial cell", "Organism"=>"Homo sapiens", "DiseaseState"=>"Choriocarcinoma", "OrganismPart"=>"placenta", "BioSourceType"=>"fresh_sample", "BioSourceProvider"=>"Dr. Andrew Sharkey, Department of Pathology and Centre for Trophoblast Research, University of Cambridge, United Kingdom"	83
1502	"Sex"=>"female", "name"=>"F43EVT", "CellLine"=>"primary extra-villous trophoblast cell line", "CellType"=>"Extra-villous trophoblast", "Organism"=>"Homo sapiens", "DiseaseState"=>"normal", "OrganismPart"=>"placenta", "BioSourceType"=>"fresh_sample", "BioSourceProvider"=>"Dr. Andrew Sharkey, Department of Pathology and Centre for Trophoblast Research, University of Cambridge, United Kingdom"	83
1160	"name"=>"GSM594063 1", "tissue"=>"placenta", "Organism"=>"Homo sapiens", "disease state"=>"preeclampsia"	69
1161	"name"=>"GSM594062 1", "tissue"=>"placenta", "Organism"=>"Homo sapiens", "disease state"=>"preeclampsia"	69
1162	"name"=>"GSM594061 1", "tissue"=>"placenta", "Organism"=>"Homo sapiens", "disease state"=>"preeclampsia"	69
1163	"name"=>"GSM594060 1", "tissue"=>"placenta", "Organism"=>"Homo sapiens", "disease state"=>"preeclampsia"	69
1164	"name"=>"GSM594059 1", "tissue"=>"placenta", "Organism"=>"Homo sapiens", "disease state"=>"preeclampsia"	69
1165	"name"=>"GSM594058 1", "tissue"=>"placenta", "Organism"=>"Homo sapiens", "disease state"=>"preeclampsia"	69
1166	"name"=>"GSM594057 1", "tissue"=>"placenta", "Organism"=>"Homo sapiens", "disease state"=>"preeclampsia"	69
1167	"name"=>"GSM594056 1", "tissue"=>"placenta", "Organism"=>"Homo sapiens", "disease state"=>"Fetal growth restriction (FGR)"	69
1168	"name"=>"GSM594055 1", "tissue"=>"placenta", "Organism"=>"Homo sapiens", "disease state"=>"Fetal growth restriction (FGR)"	69
1169	"name"=>"GSM594054 1", "tissue"=>"placenta", "Organism"=>"Homo sapiens", "disease state"=>"Fetal growth restriction (FGR)"	69
1170	"name"=>"GSM594053 1", "tissue"=>"placenta", "Organism"=>"Homo sapiens", "disease state"=>"Fetal growth restriction (FGR)"	69
1171	"name"=>"GSM594052 1", "tissue"=>"placenta", "Organism"=>"Homo sapiens", "disease state"=>"Fetal growth restriction (FGR)"	69
1172	"name"=>"GSM594051 1", "tissue"=>"placenta", "Organism"=>"Homo sapiens", "disease state"=>"Fetal growth restriction (FGR)"	69
1173	"name"=>"GSM594050 1", "tissue"=>"placenta", "Organism"=>"Homo sapiens", "disease state"=>"Fetal growth restriction (FGR)"	69
1174	"name"=>"GSM594049 1", "tissue"=>"placenta", "Organism"=>"Homo sapiens", "disease state"=>"Fetal growth restriction (FGR)"	69
1175	"name"=>"GSM594048 1", "tissue"=>"placenta", "Organism"=>"Homo sapiens", "disease state"=>"Normotensive control pregnancy"	69
1176	"name"=>"GSM594047 1", "tissue"=>"placenta", "Organism"=>"Homo sapiens", "disease state"=>"Normotensive control pregnancy"	69
1177	"name"=>"GSM594046 1", "tissue"=>"placenta", "Organism"=>"Homo sapiens", "disease state"=>"Normotensive control pregnancy"	69
1178	"name"=>"GSM594045 1", "tissue"=>"placenta", "Organism"=>"Homo sapiens", "disease state"=>"Normotensive control pregnancy"	69
1179	"name"=>"GSM594044 1", "tissue"=>"placenta", "Organism"=>"Homo sapiens", "disease state"=>"Normotensive control pregnancy"	69
1180	"name"=>"GSM594043 1", "tissue"=>"placenta", "Organism"=>"Homo sapiens", "disease state"=>"Normotensive control pregnancy"	69
1181	"name"=>"GSM594042 1", "tissue"=>"placenta", "Organism"=>"Homo sapiens", "disease state"=>"Normotensive control pregnancy"	69
1182	"name"=>"GSM594041 1", "tissue"=>"placenta", "Organism"=>"Homo sapiens", "disease state"=>"Normotensive control pregnancy"	69
1183	"name"=>"GSM225508 1", "Organism"=>"Homo sapiens"	70
1184	"name"=>"GSM225501 1", "Organism"=>"Homo sapiens"	70
1185	"name"=>"GSM225492 1", "Organism"=>"Homo sapiens"	70
1186	"name"=>"GSM225493 1", "Organism"=>"Homo sapiens"	70
1187	"name"=>"GSM225495 1", "Organism"=>"Homo sapiens"	70
1188	"name"=>"GSM225472 1", "Organism"=>"Homo sapiens"	70
1189	"name"=>"GSM225490 1", "Organism"=>"Homo sapiens"	70
1190	"name"=>"GSM225471 1", "Organism"=>"Homo sapiens"	70
1191	"name"=>"GSM225489 1", "Organism"=>"Homo sapiens"	70
1192	"name"=>"GSM225477 1", "Organism"=>"Homo sapiens"	70
1193	"name"=>"GSM225509 1", "Organism"=>"Homo sapiens"	70
1194	"name"=>"GSM225487 1", "Organism"=>"Homo sapiens"	70
1195	"name"=>"GSM225480 1", "Organism"=>"Homo sapiens"	70
1196	"name"=>"GSM225485 1", "Organism"=>"Homo sapiens"	70
1197	"name"=>"GSM225488 1", "Organism"=>"Homo sapiens"	70
1198	"name"=>"GSM225504 1", "Organism"=>"Homo sapiens"	70
1199	"name"=>"GSM225507 1", "Organism"=>"Homo sapiens"	70
1200	"name"=>"GSM225470 1", "Organism"=>"Homo sapiens"	70
1201	"name"=>"GSM225486 1", "Organism"=>"Homo sapiens"	70
1202	"name"=>"GSM225475 1", "Organism"=>"Homo sapiens"	70
1203	"name"=>"GSM225506 1", "Organism"=>"Homo sapiens"	70
1204	"name"=>"GSM225479 1", "Organism"=>"Homo sapiens"	70
1205	"name"=>"GSM225494 1", "Organism"=>"Homo sapiens"	70
1206	"name"=>"GSM225498 1", "Organism"=>"Homo sapiens"	70
1207	"name"=>"GSM225512 1", "Organism"=>"Homo sapiens"	70
1208	"name"=>"GSM225497 1", "Organism"=>"Homo sapiens"	70
1209	"name"=>"GSM225502 1", "Organism"=>"Homo sapiens"	70
1210	"name"=>"GSM225478 1", "Organism"=>"Homo sapiens"	70
1211	"name"=>"GSM225481 1", "Organism"=>"Homo sapiens"	70
1212	"name"=>"GSM225503 1", "Organism"=>"Homo sapiens"	70
1213	"name"=>"GSM225511 1", "Organism"=>"Homo sapiens"	70
1214	"name"=>"GSM225499 1", "Organism"=>"Homo sapiens"	70
1215	"name"=>"GSM225491 1", "Organism"=>"Homo sapiens"	70
1216	"name"=>"GSM225473 1", "Organism"=>"Homo sapiens"	70
1217	"name"=>"GSM225474 1", "Organism"=>"Homo sapiens"	70
1218	"name"=>"GSM225476 1", "Organism"=>"Homo sapiens"	70
1219	"name"=>"GSM225500 1", "Organism"=>"Homo sapiens"	70
1220	"name"=>"GSM225513 1", "Organism"=>"Homo sapiens"	70
1221	"name"=>"GSM225484 1", "Organism"=>"Homo sapiens"	70
1222	"name"=>"GSM225505 1", "Organism"=>"Homo sapiens"	70
1223	"name"=>"GSM225483 1", "Organism"=>"Homo sapiens"	70
1224	"name"=>"GSM225496 1", "Organism"=>"Homo sapiens"	70
1225	"name"=>"GSM225510 1", "Organism"=>"Homo sapiens"	70
1226	"name"=>"GSE13155GSM329336", "Organism"=>"Mus musculus"	71
1230	"name"=>"D01", "Organism"=>"Homo sapiens", "DiseaseState"=>"normal", "OrganismPart"=>"Decidua basalis", "BioSourceProvider"=>"Trondheim"	72
1231	"name"=>"D02", "Organism"=>"Homo sapiens", "DiseaseState"=>"normal", "OrganismPart"=>"Decidua basalis", "BioSourceProvider"=>"Trondheim"	72
1232	"name"=>"D03", "Organism"=>"Homo sapiens", "DiseaseState"=>"normal", "OrganismPart"=>"Decidua basalis", "BioSourceProvider"=>"Trondheim"	72
1233	"name"=>"D04", "Organism"=>"Homo sapiens", "DiseaseState"=>"normal", "OrganismPart"=>"Decidua basalis", "BioSourceProvider"=>"Trondheim"	72
1234	"name"=>"D05", "Organism"=>"Homo sapiens", "DiseaseState"=>"normal", "OrganismPart"=>"Decidua basalis", "BioSourceProvider"=>"Trondheim"	72
1235	"name"=>"D06", "Organism"=>"Homo sapiens", "DiseaseState"=>"normal", "OrganismPart"=>"Decidua basalis", "BioSourceProvider"=>"Trondheim"	72
1236	"name"=>"D07", "Organism"=>"Homo sapiens", "DiseaseState"=>"normal", "OrganismPart"=>"Decidua basalis", "BioSourceProvider"=>"Trondheim"	72
1237	"name"=>"D09", "Organism"=>"Homo sapiens", "DiseaseState"=>"normal", "OrganismPart"=>"Decidua basalis", "BioSourceProvider"=>"Trondheim"	72
1238	"name"=>"D10", "Organism"=>"Homo sapiens", "DiseaseState"=>"normal", "OrganismPart"=>"Decidua basalis", "BioSourceProvider"=>"Trondheim"	72
1239	"name"=>"D11", "Organism"=>"Homo sapiens", "DiseaseState"=>"normal", "OrganismPart"=>"Decidua basalis", "BioSourceProvider"=>"Trondheim"	72
1240	"name"=>"D12", "Organism"=>"Homo sapiens", "DiseaseState"=>"infant SGA", "OrganismPart"=>"Decidua basalis", "BioSourceProvider"=>"Trondheim"	72
1241	"name"=>"D13", "Organism"=>"Homo sapiens", "DiseaseState"=>"infant SGA", "OrganismPart"=>"Decidua basalis", "BioSourceProvider"=>"Trondheim"	72
1242	"name"=>"D14", "Organism"=>"Homo sapiens", "DiseaseState"=>"infant SGA", "OrganismPart"=>"Decidua basalis", "BioSourceProvider"=>"Trondheim"	72
1243	"name"=>"D16", "Organism"=>"Homo sapiens", "DiseaseState"=>"infant SGA", "OrganismPart"=>"Decidua basalis", "BioSourceProvider"=>"Trondheim"	72
1244	"name"=>"D17", "Organism"=>"Homo sapiens", "DiseaseState"=>"preeclampsia", "OrganismPart"=>"Decidua basalis", "BioSourceProvider"=>"Trondheim"	72
1245	"name"=>"D18", "Organism"=>"Homo sapiens", "DiseaseState"=>"preeclampsia", "OrganismPart"=>"Decidua basalis", "BioSourceProvider"=>"Trondheim"	72
1246	"name"=>"D19", "Organism"=>"Homo sapiens", "DiseaseState"=>"preeclampsia", "OrganismPart"=>"Decidua basalis", "BioSourceProvider"=>"Trondheim"	72
1247	"name"=>"D20", "Organism"=>"Homo sapiens", "DiseaseState"=>"preeclampsia", "OrganismPart"=>"Decidua basalis", "BioSourceProvider"=>"Trondheim"	72
1248	"name"=>"D21", "Organism"=>"Homo sapiens", "DiseaseState"=>"preeclampsia", "OrganismPart"=>"Decidua basalis", "BioSourceProvider"=>"Bergen"	72
1249	"name"=>"D22", "Organism"=>"Homo sapiens", "DiseaseState"=>"preeclampsia", "OrganismPart"=>"Decidua basalis", "BioSourceProvider"=>"Bergen"	72
1250	"name"=>"D23", "Organism"=>"Homo sapiens", "DiseaseState"=>"preeclampsia+infant SGA", "OrganismPart"=>"Decidua basalis", "BioSourceProvider"=>"Trondheim"	72
1251	"name"=>"D24", "Organism"=>"Homo sapiens", "DiseaseState"=>"preeclampsia+infant SGA", "OrganismPart"=>"Decidua basalis", "BioSourceProvider"=>"Trondheim"	72
1252	"name"=>"D25", "Organism"=>"Homo sapiens", "DiseaseState"=>"preeclampsia+infant SGA", "OrganismPart"=>"Decidua basalis", "BioSourceProvider"=>"Trondheim"	72
1253	"name"=>"D26", "Organism"=>"Homo sapiens", "DiseaseState"=>"preeclampsia+infant SGA", "OrganismPart"=>"Decidua basalis", "BioSourceProvider"=>"Trondheim"	72
1254	"name"=>"D28", "Organism"=>"Homo sapiens", "DiseaseState"=>"preeclampsia+infant SGA", "OrganismPart"=>"Decidua basalis", "BioSourceProvider"=>"Bergen"	72
1255	"name"=>"D29", "Organism"=>"Homo sapiens", "DiseaseState"=>"preeclampsia+infant SGA", "OrganismPart"=>"Decidua basalis", "BioSourceProvider"=>"Bergen"	72
1256	"name"=>"D30", "Organism"=>"Homo sapiens", "DiseaseState"=>"preeclampsia+infant SGA", "OrganismPart"=>"Decidua basalis", "BioSourceProvider"=>"Bergen"	72
1257	"name"=>"S01", "Organism"=>"Homo sapiens", "DiseaseState"=>"preeclampsia", "OrganismPart"=>"Decidua basalis", "BioSourceProvider"=>"Trondheim"	72
1258	"name"=>"S02", "Organism"=>"Homo sapiens", "DiseaseState"=>"preeclampsia", "OrganismPart"=>"Decidua basalis", "BioSourceProvider"=>"Bergen"	72
1259	"name"=>"S03", "Organism"=>"Homo sapiens", "DiseaseState"=>"preeclampsia", "OrganismPart"=>"Decidua basalis", "BioSourceProvider"=>"Bergen"	72
1260	"name"=>"S05", "Organism"=>"Homo sapiens", "DiseaseState"=>"preeclampsia", "OrganismPart"=>"Decidua basalis", "BioSourceProvider"=>"Bergen"	72
1261	"name"=>"S07", "Organism"=>"Homo sapiens", "DiseaseState"=>"preeclampsia+infant SGA", "OrganismPart"=>"Decidua basalis", "BioSourceProvider"=>"Trondheim"	72
1262	"name"=>"S08", "Organism"=>"Homo sapiens", "DiseaseState"=>"preeclampsia+infant SGA", "OrganismPart"=>"Decidua basalis", "BioSourceProvider"=>"Trondheim"	72
1263	"name"=>"S09", "Organism"=>"Homo sapiens", "DiseaseState"=>"preeclampsia+infant SGA", "OrganismPart"=>"Decidua basalis", "BioSourceProvider"=>"Bergen"	72
1264	"name"=>"S10", "Organism"=>"Homo sapiens", "DiseaseState"=>"preeclampsia+infant SGA", "OrganismPart"=>"Decidua basalis", "BioSourceProvider"=>"Bergen"	72
1265	"name"=>"S12", "Organism"=>"Homo sapiens", "DiseaseState"=>"preeclampsia+infant SGA", "OrganismPart"=>"Decidua basalis", "BioSourceProvider"=>"Bergen"	72
1266	"name"=>"S14", "Organism"=>"Homo sapiens", "DiseaseState"=>"preeclampsia+infant SGA", "OrganismPart"=>"Decidua basalis", "BioSourceProvider"=>"Bergen"	72
1267	"name"=>"S15", "Organism"=>"Homo sapiens", "DiseaseState"=>"preeclampsia+infant SGA", "OrganismPart"=>"Decidua basalis", "BioSourceProvider"=>"Bergen"	72
1268	"name"=>"S16", "Organism"=>"Homo sapiens", "DiseaseState"=>"preeclampsia+infant SGA", "OrganismPart"=>"Decidua basalis", "BioSourceProvider"=>"Bergen"	72
1269	"name"=>"S17", "Organism"=>"Homo sapiens", "DiseaseState"=>"preeclampsia+infant SGA", "OrganismPart"=>"Decidua basalis", "BioSourceProvider"=>"Bergen"	72
1270	"name"=>"S19", "Organism"=>"Homo sapiens", "DiseaseState"=>"preeclampsia+infant SGA", "OrganismPart"=>"Decidua basalis", "BioSourceProvider"=>"Bergen"	72
1271	"name"=>"S20", "Organism"=>"Homo sapiens", "DiseaseState"=>"infant SGA", "OrganismPart"=>"Decidua basalis", "BioSourceProvider"=>"Trondheim"	72
1272	"name"=>"S21", "Organism"=>"Homo sapiens", "DiseaseState"=>"infant SGA", "OrganismPart"=>"Decidua basalis", "BioSourceProvider"=>"Bergen"	72
1273	"name"=>"S23", "Organism"=>"Homo sapiens", "DiseaseState"=>"infant SGA", "OrganismPart"=>"Decidua basalis", "BioSourceProvider"=>"Bergen"	72
1274	"name"=>"S25", "Organism"=>"Homo sapiens", "DiseaseState"=>"normal", "OrganismPart"=>"Decidua basalis", "BioSourceProvider"=>"Trondheim"	72
1275	"name"=>"S26", "Organism"=>"Homo sapiens", "DiseaseState"=>"normal", "OrganismPart"=>"Decidua basalis", "BioSourceProvider"=>"Trondheim"	72
1276	"name"=>"S27", "Organism"=>"Homo sapiens", "DiseaseState"=>"normal", "OrganismPart"=>"Decidua basalis", "BioSourceProvider"=>"Trondheim"	72
1277	"name"=>"S29", "Organism"=>"Homo sapiens", "DiseaseState"=>"normal", "OrganismPart"=>"Decidua basalis", "BioSourceProvider"=>"Trondheim"	72
1278	"name"=>"S30", "Organism"=>"Homo sapiens", "DiseaseState"=>"preeclampsia+infant SGA", "OrganismPart"=>"Decidua basalis", "BioSourceProvider"=>"Trondheim"	72
1279	"name"=>"S32", "Organism"=>"Homo sapiens", "DiseaseState"=>"normal", "OrganismPart"=>"Decidua basalis", "BioSourceProvider"=>"Trondheim"	72
1280	"name"=>"S33", "Organism"=>"Homo sapiens", "DiseaseState"=>"normal", "OrganismPart"=>"Decidua basalis", "BioSourceProvider"=>"Trondheim"	72
1281	"name"=>"S34", "Organism"=>"Homo sapiens", "DiseaseState"=>"normal", "OrganismPart"=>"Decidua basalis", "BioSourceProvider"=>"Trondheim"	72
1282	"name"=>"S35", "Organism"=>"Homo sapiens", "DiseaseState"=>"normal", "OrganismPart"=>"Decidua basalis", "BioSourceProvider"=>"Bergen"	72
1283	"name"=>"S37", "Organism"=>"Homo sapiens", "DiseaseState"=>"normal", "OrganismPart"=>"Decidua basalis", "BioSourceProvider"=>"Bergen"	72
1284	"name"=>"S38", "Organism"=>"Homo sapiens", "DiseaseState"=>"normal", "OrganismPart"=>"Decidua basalis", "BioSourceProvider"=>"Bergen"	72
1285	"name"=>"S39", "Organism"=>"Homo sapiens", "DiseaseState"=>"normal", "OrganismPart"=>"Decidua basalis", "BioSourceProvider"=>"Bergen"	72
1286	"name"=>"S40", "Organism"=>"Homo sapiens", "DiseaseState"=>"normal", "OrganismPart"=>"Decidua basalis", "BioSourceProvider"=>"Bergen"	72
1287	"name"=>"S41", "Organism"=>"Homo sapiens", "DiseaseState"=>"normal", "OrganismPart"=>"Decidua basalis", "BioSourceProvider"=>"Bergen"	72
1288	"name"=>"S42", "Organism"=>"Homo sapiens", "DiseaseState"=>"normal", "OrganismPart"=>"Decidua basalis", "BioSourceProvider"=>"Bergen"	72
1289	"name"=>"S43", "Organism"=>"Homo sapiens", "DiseaseState"=>"normal", "OrganismPart"=>"Decidua basalis", "BioSourceProvider"=>"Bergen"	72
1290	"name"=>"S44", "Organism"=>"Homo sapiens", "DiseaseState"=>"preeclampsia", "OrganismPart"=>"Decidua basalis", "BioSourceProvider"=>"Bergen"	72
1291	"name"=>"S45", "Organism"=>"Homo sapiens", "DiseaseState"=>"normal", "OrganismPart"=>"Decidua basalis", "BioSourceProvider"=>"Bergen"	72
1292	"name"=>"S46", "Organism"=>"Homo sapiens", "DiseaseState"=>"normal", "OrganismPart"=>"Decidua basalis", "BioSourceProvider"=>"Bergen"	72
1293	"name"=>"S47", "Organism"=>"Homo sapiens", "DiseaseState"=>"normal", "OrganismPart"=>"Decidua basalis", "BioSourceProvider"=>"Bergen"	72
1294	"name"=>"S48", "Organism"=>"Homo sapiens", "DiseaseState"=>"normal", "OrganismPart"=>"Decidua basalis", "BioSourceProvider"=>"Bergen"	72
1295	"name"=>"S49", "Organism"=>"Homo sapiens", "DiseaseState"=>"normal", "OrganismPart"=>"Decidua basalis", "BioSourceProvider"=>"Bergen"	72
1296	"name"=>"S51", "Organism"=>"Homo sapiens", "DiseaseState"=>"normal", "OrganismPart"=>"Decidua basalis", "BioSourceProvider"=>"Bergen"	72
1297	"name"=>"S52", "Organism"=>"Homo sapiens", "DiseaseState"=>"normal", "OrganismPart"=>"Decidua basalis", "BioSourceProvider"=>"Bergen"	72
1298	"name"=>"S54", "Organism"=>"Homo sapiens", "DiseaseState"=>"normal", "OrganismPart"=>"Decidua basalis", "BioSourceProvider"=>"Bergen"	72
1299	"name"=>"S55", "Organism"=>"Homo sapiens", "DiseaseState"=>"normal", "OrganismPart"=>"Decidua basalis", "BioSourceProvider"=>"Bergen"	72
1300	"name"=>"S56", "Organism"=>"Homo sapiens", "DiseaseState"=>"normal", "OrganismPart"=>"Decidua basalis", "BioSourceProvider"=>"Bergen"	72
1301	"name"=>"S57", "Organism"=>"Homo sapiens", "DiseaseState"=>"normal", "OrganismPart"=>"Decidua basalis", "BioSourceProvider"=>"Bergen"	72
1302	"name"=>"S58", "Organism"=>"Homo sapiens", "DiseaseState"=>"preeclampsia+infant SGA", "OrganismPart"=>"Decidua basalis", "BioSourceProvider"=>"Bergen"	72
1303	"name"=>"S59", "Organism"=>"Homo sapiens", "DiseaseState"=>"normal", "OrganismPart"=>"Decidua basalis", "BioSourceProvider"=>"Bergen"	72
1304	"name"=>"S60", "Organism"=>"Homo sapiens", "DiseaseState"=>"normal", "OrganismPart"=>"Decidua basalis", "BioSourceProvider"=>"Bergen"	72
1305	"name"=>"S61", "Organism"=>"Homo sapiens", "DiseaseState"=>"normal", "OrganismPart"=>"Decidua basalis", "BioSourceProvider"=>"Bergen"	72
1306	"name"=>"S62", "Organism"=>"Homo sapiens", "DiseaseState"=>"normal", "OrganismPart"=>"Decidua basalis", "BioSourceProvider"=>"Bergen"	72
1307	"name"=>"S63", "Organism"=>"Homo sapiens", "DiseaseState"=>"normal", "OrganismPart"=>"Decidua basalis", "BioSourceProvider"=>"Bergen"	72
1308	"name"=>"T01", "Organism"=>"Homo sapiens", "DiseaseState"=>"normal", "OrganismPart"=>"Decidua basalis", "BioSourceProvider"=>"Trondheim"	72
1309	"name"=>"T02", "Organism"=>"Homo sapiens", "DiseaseState"=>"normal", "OrganismPart"=>"Decidua basalis", "BioSourceProvider"=>"Trondheim"	72
1310	"name"=>"T03", "Organism"=>"Homo sapiens", "DiseaseState"=>"normal", "OrganismPart"=>"Decidua basalis", "BioSourceProvider"=>"Trondheim"	72
1311	"name"=>"T04", "Organism"=>"Homo sapiens", "DiseaseState"=>"normal", "OrganismPart"=>"Decidua basalis", "BioSourceProvider"=>"Trondheim"	72
1312	"name"=>"T05", "Organism"=>"Homo sapiens", "DiseaseState"=>"normal", "OrganismPart"=>"Decidua basalis", "BioSourceProvider"=>"Trondheim"	72
1313	"name"=>"T06", "Organism"=>"Homo sapiens", "DiseaseState"=>"normal", "OrganismPart"=>"Decidua basalis", "BioSourceProvider"=>"Trondheim"	72
1314	"name"=>"T07", "Organism"=>"Homo sapiens", "DiseaseState"=>"normal", "OrganismPart"=>"Decidua basalis", "BioSourceProvider"=>"Trondheim"	72
1315	"name"=>"T09", "Organism"=>"Homo sapiens", "DiseaseState"=>"normal", "OrganismPart"=>"Decidua basalis", "BioSourceProvider"=>"Trondheim"	72
1316	"name"=>"T10", "Organism"=>"Homo sapiens", "DiseaseState"=>"normal", "OrganismPart"=>"Decidua basalis", "BioSourceProvider"=>"Trondheim"	72
1317	"name"=>"T11", "Organism"=>"Homo sapiens", "DiseaseState"=>"normal", "OrganismPart"=>"Decidua basalis", "BioSourceProvider"=>"Trondheim"	72
1318	"name"=>"T12", "Organism"=>"Homo sapiens", "DiseaseState"=>"normal", "OrganismPart"=>"Decidua basalis", "BioSourceProvider"=>"Trondheim"	72
1319	"name"=>"T13", "Organism"=>"Homo sapiens", "DiseaseState"=>"normal", "OrganismPart"=>"Decidua basalis", "BioSourceProvider"=>"Trondheim"	72
1320	"name"=>"T16", "Organism"=>"Homo sapiens", "DiseaseState"=>"normal", "OrganismPart"=>"Decidua basalis", "BioSourceProvider"=>"Trondheim"	72
1321	"name"=>"T19", "Organism"=>"Homo sapiens", "DiseaseState"=>"normal", "OrganismPart"=>"Decidua basalis", "BioSourceProvider"=>"Trondheim"	72
1322	"name"=>"T21", "Organism"=>"Homo sapiens", "DiseaseState"=>"normal", "OrganismPart"=>"Decidua basalis", "BioSourceProvider"=>"Trondheim"	72
1323	"name"=>"T22", "Organism"=>"Homo sapiens", "DiseaseState"=>"normal", "OrganismPart"=>"Decidua basalis", "BioSourceProvider"=>"Trondheim"	72
1324	"name"=>"T23", "Organism"=>"Homo sapiens", "DiseaseState"=>"normal", "OrganismPart"=>"Decidua basalis", "BioSourceProvider"=>"Trondheim"	72
1325	"name"=>"T24", "Organism"=>"Homo sapiens", "DiseaseState"=>"infant SGA", "OrganismPart"=>"Decidua basalis", "BioSourceProvider"=>"Trondheim"	72
1326	"name"=>"T25", "Organism"=>"Homo sapiens", "DiseaseState"=>"infant SGA", "OrganismPart"=>"Decidua basalis", "BioSourceProvider"=>"Trondheim"	72
1327	"name"=>"T28", "Organism"=>"Homo sapiens", "DiseaseState"=>"preeclampsia", "OrganismPart"=>"Decidua basalis", "BioSourceProvider"=>"Trondheim"	72
1328	"name"=>"T30", "Organism"=>"Homo sapiens", "DiseaseState"=>"preeclampsia", "OrganismPart"=>"Decidua basalis", "BioSourceProvider"=>"Trondheim"	72
1329	"name"=>"T32", "Organism"=>"Homo sapiens", "DiseaseState"=>"preeclampsia+infant SGA", "OrganismPart"=>"Decidua basalis", "BioSourceProvider"=>"Trondheim"	72
1330	"name"=>"T37", "Organism"=>"Homo sapiens", "DiseaseState"=>"preeclampsia+infant SGA", "OrganismPart"=>"Decidua basalis", "BioSourceProvider"=>"Trondheim"	72
1331	"name"=>"T38", "Organism"=>"Homo sapiens", "DiseaseState"=>"preeclampsia+infant SGA", "OrganismPart"=>"Decidua basalis", "BioSourceProvider"=>"Trondheim"	72
1332	"name"=>"T39", "Organism"=>"Homo sapiens", "DiseaseState"=>"preeclampsia+infant SGA", "OrganismPart"=>"Decidua basalis", "BioSourceProvider"=>"Trondheim"	72
1333	"name"=>"T40", "Organism"=>"Homo sapiens", "DiseaseState"=>"preeclampsia+infant SGA", "OrganismPart"=>"Decidua basalis", "BioSourceProvider"=>"Trondheim"	72
1334	"name"=>"GSM367826 1", "Organism"=>"Homo sapiens", "condition"=>"37.6wk preeclamptic"	73
1335	"name"=>"GSM367825 1", "Organism"=>"Homo sapiens", "condition"=>"35.9wk preeclamptic"	73
1336	"name"=>"GSM367824 1", "Organism"=>"Homo sapiens", "condition"=>"34.0wk preeclamptic"	73
1337	"name"=>"GSM367823 1", "Organism"=>"Homo sapiens", "condition"=>"33.0wk preeclamptic"	73
1338	"name"=>"GSM367822 1", "Organism"=>"Homo sapiens", "condition"=>"32.9wk preeclamptic"	73
1339	"name"=>"GSM367821 1", "Organism"=>"Homo sapiens", "condition"=>"32.0wk preeclamptic"	73
1340	"name"=>"GSM367820 1", "Organism"=>"Homo sapiens", "condition"=>"31.9wk preeclamptic"	73
1341	"name"=>"GSM367819 1", "Organism"=>"Homo sapiens", "condition"=>"31.7wk preeclamptic"	73
1342	"name"=>"GSM367818 1", "Organism"=>"Homo sapiens", "condition"=>"31.1wk preeclamptic"	73
1343	"name"=>"GSM367817 1", "Organism"=>"Homo sapiens", "condition"=>"30.6wk preeclamptic"	73
1344	"name"=>"GSM367816 1", "Organism"=>"Homo sapiens", "condition"=>"30.4wk preeclamptic"	73
1345	"name"=>"GSM367815 1", "Organism"=>"Homo sapiens", "condition"=>"24.1wk preeclamptic"	73
1346	"name"=>"GSM367814 1", "Organism"=>"Homo sapiens", "condition"=>"36.6wk preterm"	73
1347	"name"=>"GSM367813 1", "Organism"=>"Homo sapiens", "condition"=>"35.9wk preterm"	73
1348	"name"=>"GSM367812 1", "Organism"=>"Homo sapiens", "condition"=>"35.7wk preterm"	73
1349	"name"=>"GSM367811 1", "Organism"=>"Homo sapiens", "condition"=>"33.9wk preterm"	73
1350	"name"=>"GSM367810 1", "Organism"=>"Homo sapiens", "condition"=>"33.3wk preterm"	73
1351	"name"=>"GSM367809 1", "Organism"=>"Homo sapiens", "condition"=>"33.0wk preterm"	73
1352	"name"=>"GSM367808 1", "Organism"=>"Homo sapiens", "condition"=>"29.9wk preterm"	73
1353	"name"=>"GSM367807 1", "Organism"=>"Homo sapiens", "condition"=>"27.1wk preterm"	73
1354	"name"=>"GSM367806 1", "Organism"=>"Homo sapiens", "condition"=>"25.6wk preterm"	73
1355	"name"=>"GSM367805 1", "Organism"=>"Homo sapiens", "condition"=>"25.4wk preterm"	73
1356	"name"=>"GSM367804 1", "Organism"=>"Homo sapiens", "condition"=>"24.7wk preterm"	73
1357	"name"=>"GSM367803 1", "Organism"=>"Homo sapiens", "condition"=>"37.6wk preeclamptic"	73
1358	"name"=>"GSM367802 1", "Organism"=>"Homo sapiens", "condition"=>"35.9wk preeclamptic"	73
1359	"name"=>"GSM367801 1", "Organism"=>"Homo sapiens", "condition"=>"34.0wk preeclamptic"	73
1360	"name"=>"GSM367800 1", "Organism"=>"Homo sapiens", "condition"=>"33.0wk preeclamptic"	73
1361	"name"=>"GSM367799 1", "Organism"=>"Homo sapiens", "condition"=>"32.9wk preeclamptic"	73
1362	"name"=>"GSM367798 1", "Organism"=>"Homo sapiens", "condition"=>"32.0wk preeclamptic"	73
1363	"name"=>"GSM367797 1", "Organism"=>"Homo sapiens", "condition"=>"31.9wk preeclamptic"	73
1364	"name"=>"GSM367796 1", "Organism"=>"Homo sapiens", "condition"=>"31.7wk preeclamptic"	73
1367	"name"=>"GSM367793 1", "Organism"=>"Homo sapiens", "condition"=>"30.4wk preeclamptic"	73
1368	"name"=>"GSM367792 1", "Organism"=>"Homo sapiens", "condition"=>"24.1wk preeclamptic"	73
1369	"name"=>"GSM367791 1", "Organism"=>"Homo sapiens", "condition"=>"36.6wk preterm"	73
1370	"name"=>"GSM367790 1", "Organism"=>"Homo sapiens", "condition"=>"35.9wk preterm"	73
1371	"name"=>"GSM367789 1", "Organism"=>"Homo sapiens", "condition"=>"35.7wk preterm"	73
1372	"name"=>"GSM367788 1", "Organism"=>"Homo sapiens", "condition"=>"33.9wk preterm"	73
1373	"name"=>"GSM367787 1", "Organism"=>"Homo sapiens", "condition"=>"33.3wk preterm"	73
1374	"name"=>"GSM367786 1", "Organism"=>"Homo sapiens", "condition"=>"33.0wk preterm"	73
1375	"name"=>"GSM367785 1", "Organism"=>"Homo sapiens", "condition"=>"29.9wk preterm"	73
1376	"name"=>"GSM367784 1", "Organism"=>"Homo sapiens", "condition"=>"27.1wk preterm"	73
1377	"name"=>"GSM367783 1", "Organism"=>"Homo sapiens", "condition"=>"25.6wk preterm"	73
1378	"name"=>"GSM367782 1", "Organism"=>"Homo sapiens", "condition"=>"25.4wk preterm"	73
1379	"name"=>"GSM367781 1", "Organism"=>"Homo sapiens", "condition"=>"24.7wk preterm"	73
1380	"name"=>"GSE12767GSM320283", "disease"=>"preeclampsia", "organism"=>"Homo sapiens", "ethnicity"=>"Caucasian", "karyotype"=>"wild type", "organism part"=>"placenta", "clinical information"=>"first trimester of pregnancy"	74
1381	"name"=>"GSE12767GSM320290", "disease"=>"normal", "organism"=>"Homo sapiens", "ethnicity"=>"Caucasian", "karyotype"=>"wild type", "organism part"=>"placenta", "clinical information"=>"first trimester of pregnancy"	74
1382	"name"=>"GSE12767GSM320293", "disease"=>"normal", "organism"=>"Homo sapiens", "ethnicity"=>"Caucasian", "karyotype"=>"wild type", "organism part"=>"placenta", "clinical information"=>"first trimester of pregnancy"	74
1383	"name"=>"GSE12767GSM320288", "disease"=>"preeclampsia", "organism"=>"Homo sapiens", "ethnicity"=>"Caucasian", "karyotype"=>"wild type", "organism part"=>"placenta", "clinical information"=>"first trimester of pregnancy"	74
1384	"name"=>"GSE12767GSM320291", "disease"=>"normal", "organism"=>"Homo sapiens", "ethnicity"=>"Caucasian", "karyotype"=>"wild type", "organism part"=>"placenta", "clinical information"=>"first trimester of pregnancy"	74
1385	"name"=>"GSE12767GSM320289", "disease"=>"normal", "organism"=>"Homo sapiens", "ethnicity"=>"Caucasian", "karyotype"=>"wild type", "organism part"=>"placenta", "clinical information"=>"first trimester of pregnancy"	74
1386	"name"=>"GSE12767GSM320285", "disease"=>"normal", "organism"=>"Homo sapiens", "ethnicity"=>"Caucasian", "karyotype"=>"wild type", "organism part"=>"placenta", "clinical information"=>"first trimester of pregnancy"	74
1387	"name"=>"GSE12767GSM320286", "disease"=>"normal", "organism"=>"Homo sapiens", "ethnicity"=>"Caucasian", "karyotype"=>"wild type", "organism part"=>"placenta", "clinical information"=>"first trimester of pregnancy"	74
1388	"name"=>"GSE12767GSM320284", "disease"=>"preeclampsia", "organism"=>"Homo sapiens", "ethnicity"=>"Caucasian", "karyotype"=>"wild type", "organism part"=>"placenta", "clinical information"=>"first trimester of pregnancy"	74
1389	"name"=>"GSE12767GSM320292", "disease"=>"preeclampsia", "organism"=>"Homo sapiens", "ethnicity"=>"Caucasian", "karyotype"=>"wild type", "organism part"=>"placenta", "clinical information"=>"first trimester of pregnancy"	74
1390	"name"=>"GSE12767GSM320287", "disease"=>"normal", "organism"=>"Homo sapiens", "ethnicity"=>"Caucasian", "karyotype"=>"wild type", "organism part"=>"placenta", "clinical information"=>"first trimester of pregnancy"	74
1391	"name"=>"GSE12767GSM320282", "disease"=>"normal", "organism"=>"Homo sapiens", "ethnicity"=>"Caucasian", "karyotype"=>"wild type", "organism part"=>"placenta", "clinical information"=>"first trimester of pregnancy"	74
1392	"name"=>"GSE13475GSM339718", "Organism"=>"Homo sapiens"	75
1393	"name"=>"GSE13475GSM339719", "Organism"=>"Homo sapiens"	75
1394	"name"=>"GSM307201 1", "Organism"=>"Homo sapiens"	76
1395	"name"=>"GSM307200 1", "Organism"=>"Homo sapiens"	76
1396	"name"=>"GSM307199 1", "Organism"=>"Homo sapiens"	76
1397	"name"=>"GSM307198 1", "Organism"=>"Homo sapiens"	76
1398	"name"=>"GSM307197 1", "Organism"=>"Homo sapiens"	76
1399	"name"=>"GSM307196 1", "Organism"=>"Homo sapiens"	76
1400	"name"=>"GSM307195 1", "Organism"=>"Homo sapiens"	76
1401	"name"=>"GSM307194 1", "Organism"=>"Homo sapiens"	76
1402	"name"=>"GSM307193 1", "Organism"=>"Homo sapiens"	76
1403	"name"=>"GSM307192 1", "Organism"=>"Homo sapiens"	76
1404	"name"=>"GSM307191 1", "Organism"=>"Homo sapiens"	76
1405	"name"=>"GSM307190 1", "Organism"=>"Homo sapiens"	76
1406	"name"=>"GSM307189 1", "Organism"=>"Homo sapiens"	76
1407	"name"=>"GSM307188 1", "Organism"=>"Homo sapiens"	76
1408	"name"=>"GSM307187 1", "Organism"=>"Homo sapiens"	76
1409	"name"=>"GSM307186 1", "Organism"=>"Homo sapiens"	76
1410	"name"=>"GSE9984GSM252359", "Organism"=>"Homo sapiens"	77
1411	"name"=>"GSE9984GSM252349", "Organism"=>"Homo sapiens"	77
1412	"name"=>"GSE9984GSM252358", "Organism"=>"Homo sapiens"	77
1413	"name"=>"GSE9984GSM252353", "Organism"=>"Homo sapiens"	77
1414	"name"=>"GSE9984GSM252360", "Organism"=>"Homo sapiens"	77
1415	"name"=>"GSE9984GSM252352", "Organism"=>"Homo sapiens"	77
1416	"name"=>"GSE9984GSM252350", "Organism"=>"Homo sapiens"	77
1417	"name"=>"GSE9984GSM252356", "Organism"=>"Homo sapiens"	77
1418	"name"=>"GSE9984GSM252351", "Organism"=>"Homo sapiens"	77
1419	"name"=>"GSE9984GSM252354", "Organism"=>"Homo sapiens"	77
1420	"name"=>"GSE9984GSM252357", "Organism"=>"Homo sapiens"	77
1421	"name"=>"GSE9984GSM252355", "Organism"=>"Homo sapiens"	77
1422	"name"=>"GSE6573GSM151957", "Organism"=>"Homo sapiens", "Disease State"=>"preeclampsia", "Organism Part"=>"decidua"	78
1423	"name"=>"GSE6573GSM151960", "Organism"=>"Homo sapiens", "Disease State"=>"normal", "Organism Part"=>"abdominal fat"	78
1424	"name"=>"GSE6573GSM151959", "Organism"=>"Homo sapiens", "Disease State"=>"preeclampsia", "Organism Part"=>"placenta"	78
1425	"name"=>"GSE6573GSM151958", "Organism"=>"Homo sapiens", "Disease State"=>"normal", "Organism Part"=>"placenta"	78
1426	"name"=>"GSE6573GSM151955", "Organism"=>"Homo sapiens", "Disease State"=>"normal", "Organism Part"=>"decidua"	78
1427	"name"=>"GSE6573GSM151961", "Organism"=>"Homo sapiens", "Disease State"=>"preeclampsia", "Organism Part"=>"abdominal fat"	78
1428	"name"=>"GSE4100GSM93734", "Organism"=>"Homo sapiens"	79
1429	"name"=>"GSE4100GSM93733", "Organism"=>"Homo sapiens"	79
1430	"name"=>"GSE4707GSM106285_Cy5", "Organism"=>"Homo sapiens", "DiseaseState"=>"late onset preeclampsia", "OrganismPart"=>"placenta"	80
1431	"name"=>"GSE4707GSM106285_Cy3", "Organism"=>"Homo sapiens", "DiseaseState"=>"normal", "OrganismPart"=>"placenta"	80
1432	"name"=>"GSE4707GSM106282_Cy3", "Organism"=>"Homo sapiens", "DiseaseState"=>"normal", "OrganismPart"=>"placenta"	80
1433	"name"=>"GSE4707GSM106282_Cy5", "Organism"=>"Homo sapiens", "DiseaseState"=>"late onset preeclampsia", "OrganismPart"=>"placenta"	80
1434	"name"=>"GSE4707GSM106283_Cy3", "Organism"=>"Homo sapiens", "DiseaseState"=>"normal", "OrganismPart"=>"placenta"	80
1435	"name"=>"GSE4707GSM106283_Cy5", "Organism"=>"Homo sapiens", "DiseaseState"=>"late onset preeclampsia", "OrganismPart"=>"placenta"	80
1436	"name"=>"GSE4707GSM106284_Cy3", "Organism"=>"Homo sapiens", "DiseaseState"=>"normal", "OrganismPart"=>"placenta"	80
1437	"name"=>"GSE4707GSM106284_Cy5", "Organism"=>"Homo sapiens", "DiseaseState"=>"late onset preeclampsia", "OrganismPart"=>"placenta"	80
1438	"name"=>"GSE4707GSM106274_Cy5", "Organism"=>"Homo sapiens", "DiseaseState"=>"normal", "OrganismPart"=>"placenta"	80
1439	"name"=>"GSE4707GSM106274_Cy3", "Organism"=>"Homo sapiens", "DiseaseState"=>"normal", "OrganismPart"=>"placenta"	80
1440	"name"=>"GSE4707GSM106278_Cy5", "Organism"=>"Homo sapiens", "DiseaseState"=>"early onset preeclampsia", "OrganismPart"=>"placenta"	80
1441	"name"=>"GSE4707GSM106278_Cy3", "Organism"=>"Homo sapiens", "DiseaseState"=>"normal", "OrganismPart"=>"placenta"	80
1442	"name"=>"GSE4707GSM106279_Cy5", "Organism"=>"Homo sapiens", "DiseaseState"=>"early onset preeclampsia", "OrganismPart"=>"placenta"	80
1443	"name"=>"GSE4707GSM106279_Cy3", "Organism"=>"Homo sapiens", "DiseaseState"=>"normal", "OrganismPart"=>"placenta"	80
1444	"name"=>"GSE4707GSM106250_Cy5", "Organism"=>"Homo sapiens", "DiseaseState"=>"normal", "OrganismPart"=>"placenta"	80
1445	"name"=>"GSE4707GSM106250_Cy3", "Organism"=>"Homo sapiens", "DiseaseState"=>"normal", "OrganismPart"=>"placenta"	80
1446	"name"=>"GSE4707GSM106277_Cy5", "Organism"=>"Homo sapiens", "DiseaseState"=>"early onset preeclampsia", "OrganismPart"=>"placenta"	80
1447	"name"=>"GSE4707GSM106277_Cy3", "Organism"=>"Homo sapiens", "DiseaseState"=>"normal", "OrganismPart"=>"placenta"	80
1448	"name"=>"GSE4707GSM106281_Cy5", "Organism"=>"Homo sapiens", "DiseaseState"=>"late onset preeclampsia", "OrganismPart"=>"placenta"	80
1449	"name"=>"GSE4707GSM106281_Cy3", "Organism"=>"Homo sapiens", "DiseaseState"=>"normal", "OrganismPart"=>"placenta"	80
1450	"name"=>"GSE4707GSM106276_Cy3", "Organism"=>"Homo sapiens", "DiseaseState"=>"normal", "OrganismPart"=>"placenta"	80
1451	"name"=>"GSE4707GSM106276_Cy5", "Organism"=>"Homo sapiens", "DiseaseState"=>"early onset preeclampsia", "OrganismPart"=>"placenta"	80
1452	"name"=>"GSE4707GSM106249_Cy3", "Organism"=>"Homo sapiens", "DiseaseState"=>"normal", "OrganismPart"=>"placenta"	80
1453	"name"=>"GSE4707GSM106249_Cy5", "Organism"=>"Homo sapiens", "DiseaseState"=>"normal", "OrganismPart"=>"placenta"	80
1454	"name"=>"GSE4707GSM106280_Cy3", "Organism"=>"Homo sapiens", "DiseaseState"=>"normal", "OrganismPart"=>"placenta"	80
1455	"name"=>"GSE4707GSM106280_Cy5", "Organism"=>"Homo sapiens", "DiseaseState"=>"early onset preeclampsia", "OrganismPart"=>"placenta"	80
1456	"name"=>"GSE4707GSM106275_Cy5", "Organism"=>"Homo sapiens", "DiseaseState"=>"normal", "OrganismPart"=>"placenta"	80
1457	"name"=>"GSE4707GSM106275_Cy3", "Organism"=>"Homo sapiens", "DiseaseState"=>"normal", "OrganismPart"=>"placenta"	80
1458	"Sex"=>"female", "name"=>"Case 50", "Organism"=>"Homo sapiens", "DiseaseState"=>"preeclampsia", "OrganismPart"=>"decidua", "BioSourceType"=>"frozen_sample", "DevelopmentalStage"=>"adult"	81
1459	"Sex"=>"female", "name"=>"Control 52", "Organism"=>"Homo sapiens", "DiseaseState"=>NULL, "OrganismPart"=>"decidua", "BioSourceType"=>"frozen_sample", "DevelopmentalStage"=>"adult"	81
1460	"Sex"=>"female", "name"=>"Control 10", "Organism"=>"Homo sapiens", "DiseaseState"=>NULL, "OrganismPart"=>"decidua", "BioSourceType"=>"frozen_sample", "DevelopmentalStage"=>"adult"	81
1461	"Sex"=>"female", "name"=>"Case 33", "Organism"=>"Homo sapiens", "DiseaseState"=>NULL, "OrganismPart"=>"decidua", "BioSourceType"=>"frozen_sample", "DevelopmentalStage"=>"adult"	81
1462	"Sex"=>"female", "name"=>"Control 82", "Organism"=>"Homo sapiens", "DiseaseState"=>NULL, "OrganismPart"=>"decidua", "BioSourceType"=>"frozen_sample", "DevelopmentalStage"=>"adult"	81
1463	"Sex"=>"female", "name"=>"Control 74", "Organism"=>"Homo sapiens", "DiseaseState"=>NULL, "OrganismPart"=>"decidua", "BioSourceType"=>"frozen_sample", "DevelopmentalStage"=>"adult"	81
1464	"Sex"=>"female", "name"=>"Control 80", "Organism"=>"Homo sapiens", "DiseaseState"=>NULL, "OrganismPart"=>"decidua", "BioSourceType"=>"frozen_sample", "DevelopmentalStage"=>"adult"	81
1465	"Sex"=>"female", "name"=>"Case 28", "Organism"=>"Homo sapiens", "DiseaseState"=>"preeclampsia", "OrganismPart"=>"decidua", "BioSourceType"=>"frozen_sample", "DevelopmentalStage"=>"adult"	81
1466	"Sex"=>"female", "name"=>"Case 36", "Organism"=>"Homo sapiens", "DiseaseState"=>"preeclampsia", "OrganismPart"=>"decidua", "BioSourceType"=>"frozen_sample", "DevelopmentalStage"=>"adult"	81
1467	"Sex"=>"female", "name"=>"Case 65", "Organism"=>"Homo sapiens", "DiseaseState"=>NULL, "OrganismPart"=>"decidua", "BioSourceType"=>"frozen_sample", "DevelopmentalStage"=>"adult"	81
1468	"Sex"=>"female", "name"=>"Case 67", "Organism"=>"Homo sapiens", "DiseaseState"=>"preeclampsia", "OrganismPart"=>"decidua", "BioSourceType"=>"frozen_sample", "DevelopmentalStage"=>"adult"	81
1469	"Sex"=>"female", "name"=>"Case 66", "Organism"=>"Homo sapiens", "DiseaseState"=>"preeclampsia", "OrganismPart"=>"decidua", "BioSourceType"=>"frozen_sample", "DevelopmentalStage"=>"adult"	81
1470	"Sex"=>"female", "name"=>"Case 63", "Organism"=>"Homo sapiens", "DiseaseState"=>"preeclampsia", "OrganismPart"=>"decidua", "BioSourceType"=>"frozen_sample", "DevelopmentalStage"=>"adult"	81
1471	"Sex"=>"female", "name"=>"Case 76", "Organism"=>"Homo sapiens", "DiseaseState"=>"preeclampsia", "OrganismPart"=>"decidua", "BioSourceType"=>"frozen_sample", "DevelopmentalStage"=>"adult"	81
1472	"Sex"=>"female", "name"=>"Case 9", "Organism"=>"Homo sapiens", "DiseaseState"=>"preeclampsia", "OrganismPart"=>"decidua", "BioSourceType"=>"frozen_sample", "DevelopmentalStage"=>"adult"	81
1473	"Sex"=>"female", "name"=>"Control 44", "Organism"=>"Homo sapiens", "DiseaseState"=>NULL, "OrganismPart"=>"decidua", "BioSourceType"=>"frozen_sample", "DevelopmentalStage"=>"adult"	81
1474	"Sex"=>"female", "name"=>"Control 71", "Organism"=>"Homo sapiens", "DiseaseState"=>NULL, "OrganismPart"=>"decidua", "BioSourceType"=>"frozen_sample", "DevelopmentalStage"=>"adult"	81
1475	"Sex"=>"female", "name"=>"Control 72", "Organism"=>"Homo sapiens", "DiseaseState"=>NULL, "OrganismPart"=>"decidua", "BioSourceType"=>"frozen_sample", "DevelopmentalStage"=>"adult"	81
1476	"Sex"=>"female", "name"=>"Case 68", "Organism"=>"Homo sapiens", "DiseaseState"=>"preeclampsia", "OrganismPart"=>"decidua", "BioSourceType"=>"frozen_sample", "DevelopmentalStage"=>"adult"	81
1477	"Sex"=>"female", "name"=>"Case 79", "Organism"=>"Homo sapiens", "DiseaseState"=>"preeclampsia", "OrganismPart"=>"decidua", "BioSourceType"=>"frozen_sample", "DevelopmentalStage"=>"adult"	81
1478	"Sex"=>"female", "name"=>"Control 43", "Organism"=>"Homo sapiens", "DiseaseState"=>NULL, "OrganismPart"=>"decidua", "BioSourceType"=>"frozen_sample", "DevelopmentalStage"=>"adult"	81
1479	"Sex"=>"female", "name"=>"Control 73", "Organism"=>"Homo sapiens", "DiseaseState"=>NULL, "OrganismPart"=>"decidua", "BioSourceType"=>"frozen_sample", "DevelopmentalStage"=>"adult"	81
1480	"Sex"=>"female", "name"=>"Case 21", "Organism"=>"Homo sapiens", "DiseaseState"=>NULL, "OrganismPart"=>"decidua", "BioSourceType"=>"frozen_sample", "DevelopmentalStage"=>"adult"	81
1481	"Sex"=>"female", "name"=>"Control 57", "Organism"=>"Homo sapiens", "DiseaseState"=>NULL, "OrganismPart"=>"decidua", "BioSourceType"=>"frozen_sample", "DevelopmentalStage"=>"adult"	81
1482	"Sex"=>"female", "name"=>"Control 42", "Organism"=>"Homo sapiens", "DiseaseState"=>NULL, "OrganismPart"=>"decidua", "BioSourceType"=>"frozen_sample", "DevelopmentalStage"=>"adult"	81
1483	"Sex"=>"female", "name"=>"Control 49", "Organism"=>"Homo sapiens", "DiseaseState"=>NULL, "OrganismPart"=>"decidua", "BioSourceType"=>"frozen_sample", "DevelopmentalStage"=>"adult"	81
1484	"Sex"=>"female", "name"=>"Control 70", "Organism"=>"Homo sapiens", "DiseaseState"=>NULL, "OrganismPart"=>"decidua", "BioSourceType"=>"frozen_sample", "DevelopmentalStage"=>"adult"	81
1485	"Sex"=>"female", "name"=>"Case 24", "Organism"=>"Homo sapiens", "DiseaseState"=>NULL, "OrganismPart"=>"decidua", "BioSourceType"=>"frozen_sample", "DevelopmentalStage"=>"adult"	81
1486	"Sex"=>"female", "name"=>"Control 51", "Organism"=>"Homo sapiens", "DiseaseState"=>NULL, "OrganismPart"=>"decidua", "BioSourceType"=>"frozen_sample", "DevelopmentalStage"=>"adult"	81
1487	"Sex"=>"female", "name"=>"Case 64", "Organism"=>"Homo sapiens", "DiseaseState"=>"preeclampsia", "OrganismPart"=>"decidua", "BioSourceType"=>"frozen_sample", "DevelopmentalStage"=>"adult"	81
1488	"Sex"=>"female", "name"=>"Case 23", "Organism"=>"Homo sapiens", "DiseaseState"=>NULL, "OrganismPart"=>"decidua", "BioSourceType"=>"frozen_sample", "DevelopmentalStage"=>"adult"	81
1489	"Sex"=>"female", "name"=>"Case 58", "Organism"=>"Homo sapiens", "DiseaseState"=>NULL, "OrganismPart"=>"decidua", "BioSourceType"=>"frozen_sample", "DevelopmentalStage"=>"adult"	81
1490	"Sex"=>"female", "name"=>"Control 12", "Organism"=>"Homo sapiens", "DiseaseState"=>NULL, "OrganismPart"=>"decidua", "BioSourceType"=>"frozen_sample", "DevelopmentalStage"=>"adult"	81
1491	"Sex"=>"female", "name"=>"Case 69", "Organism"=>"Homo sapiens", "DiseaseState"=>"preeclampsia", "OrganismPart"=>"decidua", "BioSourceType"=>"frozen_sample", "DevelopmentalStage"=>"adult"	81
1492	"Sex"=>"female", "name"=>"Control 46", "Organism"=>"Homo sapiens", "DiseaseState"=>NULL, "OrganismPart"=>"decidua", "BioSourceType"=>"frozen_sample", "DevelopmentalStage"=>"adult"	81
1493	"Sex"=>"female", "name"=>"F57EVT", "CellLine"=>"primary extra-villous trophoblast cell line", "CellType"=>"Extra-villous trophoblast", "Organism"=>"Homo sapiens", "DiseaseState"=>"normal", "OrganismPart"=>"placenta", "BioSourceType"=>"fresh_sample", "BioSourceProvider"=>"Dr. Andrew Sharkey, Department of Pathology and Centre for Trophoblast Research, University of Cambridge, United Kingdom"	83
1494	"Sex"=>"female", "name"=>"G27VT", "CellLine"=>"primary villous trophopblast cell line", "CellType"=>"Villous trophoblast", "Organism"=>"Homo sapiens", "DiseaseState"=>"normal", "OrganismPart"=>"placenta", "BioSourceType"=>"fresh_sample", "BioSourceProvider"=>"Dr. Andrew Sharkey, Department of Pathology and Centre for Trophoblast Research, University of Cambridge, United Kingdom"	83
1495	"Sex"=>"unknown_sex", "name"=>"JAR3", "CellLine"=>"JAR", "CellType"=>"epithelial cell", "Organism"=>"Homo sapiens", "DiseaseState"=>"Choriocarcinoma", "OrganismPart"=>"placenta", "BioSourceType"=>"fresh_sample", "BioSourceProvider"=>"Dr. Andrew Sharkey, Department of Pathology and Centre for Trophoblast Research, University of Cambridge, United Kingdom"	83
1496	"Sex"=>"unknown_sex", "name"=>"JAR1", "CellLine"=>"JAR", "CellType"=>"epithelial cell", "Organism"=>"Homo sapiens", "DiseaseState"=>"Choriocarcinoma", "OrganismPart"=>"placenta", "BioSourceType"=>"fresh_sample", "BioSourceProvider"=>"Dr. Andrew Sharkey, Department of Pathology and Centre for Trophoblast Research, University of Cambridge, United Kingdom"	83
1497	"Sex"=>"female", "name"=>"G26VT", "CellLine"=>"primary villous trophopblast cell line", "CellType"=>"Villous trophoblast", "Organism"=>"Homo sapiens", "DiseaseState"=>"normal", "OrganismPart"=>"placenta", "BioSourceType"=>"fresh_sample", "BioSourceProvider"=>"Dr. Andrew Sharkey, Department of Pathology and Centre for Trophoblast Research, University of Cambridge, United Kingdom"	83
1503	"Sex"=>"unknown_sex", "name"=>"JEG3", "CellLine"=>"JEG3", "CellType"=>"epithelial cell", "Organism"=>"Homo sapiens", "DiseaseState"=>"Choriocarcinoma", "OrganismPart"=>"placenta", "BioSourceType"=>"fresh_sample", "BioSourceProvider"=>"Dr. Andrew Sharkey, Department of Pathology and Centre for Trophoblast Research, University of Cambridge, United Kingdom"	83
1504	"Sex"=>"unknown_sex", "name"=>"JEG1", "CellLine"=>"JEG3", "CellType"=>"epithelial cell", "Organism"=>"Homo sapiens", "DiseaseState"=>"Choriocarcinoma", "OrganismPart"=>"placenta", "BioSourceType"=>"fresh_sample", "BioSourceProvider"=>"Dr. Andrew Sharkey, Department of Pathology and Centre for Trophoblast Research, University of Cambridge, United Kingdom"	83
\.


--
-- Name: articles_sample_id_seq; Type: SEQUENCE SET; Schema: public; Owner: sashko
--

SELECT pg_catalog.setval('articles_sample_id_seq', 1517, true);


--
-- Data for Name: auth_group; Type: TABLE DATA; Schema: public; Owner: sashko
--

COPY auth_group (id, name) FROM stdin;
\.


--
-- Name: auth_group_id_seq; Type: SEQUENCE SET; Schema: public; Owner: sashko
--

SELECT pg_catalog.setval('auth_group_id_seq', 1, false);


--
-- Data for Name: auth_group_permissions; Type: TABLE DATA; Schema: public; Owner: sashko
--

COPY auth_group_permissions (id, group_id, permission_id) FROM stdin;
\.


--
-- Name: auth_group_permissions_id_seq; Type: SEQUENCE SET; Schema: public; Owner: sashko
--

SELECT pg_catalog.setval('auth_group_permissions_id_seq', 1, false);


--
-- Data for Name: auth_permission; Type: TABLE DATA; Schema: public; Owner: sashko
--

COPY auth_permission (id, name, content_type_id, codename) FROM stdin;
1	Can add log entry	1	add_logentry
2	Can change log entry	1	change_logentry
3	Can delete log entry	1	delete_logentry
4	Can add permission	2	add_permission
5	Can change permission	2	change_permission
6	Can delete permission	2	delete_permission
7	Can add group	3	add_group
8	Can change group	3	change_group
9	Can delete group	3	delete_group
10	Can add user	4	add_user
11	Can change user	4	change_user
12	Can delete user	4	delete_user
13	Can add content type	5	add_contenttype
14	Can change content type	5	change_contenttype
15	Can delete content type	5	delete_contenttype
16	Can add session	6	add_session
17	Can change session	6	change_session
18	Can delete session	6	delete_session
19	Can add article	7	add_article
20	Can change article	7	change_article
21	Can delete article	7	delete_article
22	Can add attribute	8	add_attribute
23	Can change attribute	8	change_attribute
24	Can delete attribute	8	delete_attribute
25	Can add experiment	9	add_experiment
26	Can change experiment	9	change_experiment
27	Can delete experiment	9	delete_experiment
28	Can add microarray	10	add_microarray
29	Can change microarray	10	change_microarray
30	Can delete microarray	10	delete_microarray
31	Can add sample	11	add_sample
32	Can change sample	11	change_sample
33	Can delete sample	11	delete_sample
\.


--
-- Name: auth_permission_id_seq; Type: SEQUENCE SET; Schema: public; Owner: sashko
--

SELECT pg_catalog.setval('auth_permission_id_seq', 33, true);


--
-- Data for Name: auth_user; Type: TABLE DATA; Schema: public; Owner: sashko
--

COPY auth_user (id, password, last_login, is_superuser, username, first_name, last_name, email, is_staff, is_active, date_joined) FROM stdin;
1	pbkdf2_sha256$24000$yUUFTHtk0Mjy$xIx5DY/GmwEfR/t+m6DSPSTawEDs/95XxxiSvinTn3U=	2016-08-27 18:09:40.217728+03	t	sashko				t	t	2016-08-10 15:43:42.181743+03
\.


--
-- Data for Name: auth_user_groups; Type: TABLE DATA; Schema: public; Owner: sashko
--

COPY auth_user_groups (id, user_id, group_id) FROM stdin;
\.


--
-- Name: auth_user_groups_id_seq; Type: SEQUENCE SET; Schema: public; Owner: sashko
--

SELECT pg_catalog.setval('auth_user_groups_id_seq', 1, false);


--
-- Name: auth_user_id_seq; Type: SEQUENCE SET; Schema: public; Owner: sashko
--

SELECT pg_catalog.setval('auth_user_id_seq', 1, true);


--
-- Data for Name: auth_user_user_permissions; Type: TABLE DATA; Schema: public; Owner: sashko
--

COPY auth_user_user_permissions (id, user_id, permission_id) FROM stdin;
\.


--
-- Name: auth_user_user_permissions_id_seq; Type: SEQUENCE SET; Schema: public; Owner: sashko
--

SELECT pg_catalog.setval('auth_user_user_permissions_id_seq', 1, false);


--
-- Data for Name: django_admin_log; Type: TABLE DATA; Schema: public; Owner: sashko
--

COPY django_admin_log (id, action_time, object_id, object_repr, action_flag, change_message, content_type_id, user_id) FROM stdin;
1	2016-08-10 16:02:57.694569+03	34	34	3		9	1
2	2016-08-10 16:02:57.720024+03	33	33	3		9	1
3	2016-08-10 16:02:57.731083+03	32	32	3		9	1
4	2016-08-10 16:02:57.742291+03	31	31	3		9	1
5	2016-08-10 16:02:57.753384+03	30	30	3		9	1
6	2016-08-10 16:02:57.763942+03	29	29	3		9	1
7	2016-08-10 16:02:57.775381+03	28	28	3		9	1
8	2016-08-10 16:02:57.786415+03	27	27	3		9	1
9	2016-08-10 16:02:57.797439+03	26	26	3		9	1
10	2016-08-10 16:02:57.808511+03	25	25	3		9	1
11	2016-08-10 16:02:57.819173+03	24	24	3		9	1
12	2016-08-10 16:02:57.830085+03	23	23	3		9	1
13	2016-08-10 16:02:57.841427+03	22	22	3		9	1
14	2016-08-10 16:02:57.852311+03	21	21	3		9	1
15	2016-08-10 16:02:57.863551+03	20	20	3		9	1
16	2016-08-10 16:02:57.874504+03	19	19	3		9	1
17	2016-08-10 16:02:57.885539+03	18	18	3		9	1
18	2016-08-10 16:02:57.896502+03	17	17	3		9	1
19	2016-08-10 16:02:57.90743+03	16	16	3		9	1
20	2016-08-10 16:02:57.918479+03	15	15	3		9	1
21	2016-08-10 16:02:57.929413+03	14	14	3		9	1
22	2016-08-10 16:02:57.940349+03	13	13	3		9	1
23	2016-08-10 16:02:57.951172+03	12	12	3		9	1
24	2016-08-10 16:02:57.962453+03	11	11	3		9	1
25	2016-08-10 16:02:57.973524+03	10	10	3		9	1
26	2016-08-10 16:02:57.984557+03	9	9	3		9	1
27	2016-08-10 16:02:57.995552+03	8	8	3		9	1
28	2016-08-10 16:02:58.006724+03	7	7	3		9	1
29	2016-08-10 16:02:58.017651+03	6	6	3		9	1
30	2016-08-10 16:02:58.028713+03	5	5	3		9	1
31	2016-08-10 16:02:58.039709+03	4	4	3		9	1
32	2016-08-10 16:02:58.050615+03	3	3	3		9	1
33	2016-08-10 16:02:58.061822+03	2	2	3		9	1
34	2016-08-10 16:02:58.072365+03	1	1	3		9	1
35	2016-08-12 16:35:02.679373+03	82	82	1	Added.	9	1
36	2016-08-12 16:35:10.145056+03	82	82	2	No fields changed.	9	1
37	2016-08-12 16:44:45.368753+03	83	83	1	Added.	9	1
40	2016-08-12 16:46:15.838504+03	83	83	2	No fields changed.	9	1
41	2016-08-12 16:49:17.507256+03	83	83	2	Changed data.	9	1
42	2016-08-12 16:49:24.555125+03	83	83	2	No fields changed.	9	1
43	2016-08-12 16:50:12.204085+03	82	82	2	Changed data.	9	1
44	2016-08-12 16:51:10.839194+03	82	82	2	Changed data.	9	1
45	2016-08-12 16:53:00.843732+03	83	83	2	Changed data.	9	1
46	2016-08-12 16:54:02.841751+03	83	83	2	No fields changed.	9	1
47	2016-08-12 16:54:56.163036+03	83	83	2	Changed data.	9	1
\.


--
-- Name: django_admin_log_id_seq; Type: SEQUENCE SET; Schema: public; Owner: sashko
--

SELECT pg_catalog.setval('django_admin_log_id_seq', 47, true);


--
-- Data for Name: django_content_type; Type: TABLE DATA; Schema: public; Owner: sashko
--

COPY django_content_type (id, app_label, model) FROM stdin;
1	admin	logentry
2	auth	permission
3	auth	group
4	auth	user
5	contenttypes	contenttype
6	sessions	session
7	articles	article
8	articles	attribute
9	articles	experiment
10	articles	microarray
11	articles	sample
\.


--
-- Name: django_content_type_id_seq; Type: SEQUENCE SET; Schema: public; Owner: sashko
--

SELECT pg_catalog.setval('django_content_type_id_seq', 11, true);


--
-- Data for Name: django_migrations; Type: TABLE DATA; Schema: public; Owner: sashko
--

COPY django_migrations (id, app, name, applied) FROM stdin;
1	contenttypes	0001_initial	2016-08-10 15:41:55.927002+03
2	auth	0001_initial	2016-08-10 15:41:56.856388+03
3	admin	0001_initial	2016-08-10 15:41:57.085994+03
4	admin	0002_logentry_remove_auto_add	2016-08-10 15:41:57.129802+03
5	articles	0001_initial	2016-08-10 15:41:57.93541+03
6	contenttypes	0002_remove_content_type_name	2016-08-10 15:41:58.00175+03
7	auth	0002_alter_permission_name_max_length	2016-08-10 15:41:58.046222+03
8	auth	0003_alter_user_email_max_length	2016-08-10 15:41:58.089534+03
9	auth	0004_alter_user_username_opts	2016-08-10 15:41:58.116726+03
10	auth	0005_alter_user_last_login_null	2016-08-10 15:41:58.165648+03
11	auth	0006_require_contenttypes_0002	2016-08-10 15:41:58.177406+03
12	auth	0007_alter_validators_add_error_messages	2016-08-10 15:41:58.259682+03
13	sessions	0001_initial	2016-08-10 15:41:58.485868+03
\.


--
-- Name: django_migrations_id_seq; Type: SEQUENCE SET; Schema: public; Owner: sashko
--

SELECT pg_catalog.setval('django_migrations_id_seq', 13, true);


--
-- Data for Name: django_session; Type: TABLE DATA; Schema: public; Owner: sashko
--

COPY django_session (session_key, session_data, expire_date) FROM stdin;
g062j5nuvazc01uc92qspvhvpopmj8ll	NGRiMzI3OGUzZTQ0OGU3MzFmYzdjOGIyMTZlOGNlN2M1ZDIwZGI4Yzp7Il9hdXRoX3VzZXJfaGFzaCI6IjEzNzljZWUzMzdiMWI3YzJjNjE2NjI4YmQ5YzUzZTkyODUxMzQ0MzAiLCJfYXV0aF91c2VyX2JhY2tlbmQiOiJkamFuZ28uY29udHJpYi5hdXRoLmJhY2tlbmRzLk1vZGVsQmFja2VuZCIsIl9hdXRoX3VzZXJfaWQiOiIxIn0=	2016-08-24 15:44:34.32727+03
xnxzfjax5dhkwjz27nl5j64vvwcjze9r	Njg2MDZlMGJhY2FhYjBkMzJkNmI3ZmQ5N2JhNDc2NjU0OTgzODI1OTp7Il9hdXRoX3VzZXJfaWQiOiIxIiwiX2F1dGhfdXNlcl9iYWNrZW5kIjoiZGphbmdvLmNvbnRyaWIuYXV0aC5iYWNrZW5kcy5Nb2RlbEJhY2tlbmQiLCJfYXV0aF91c2VyX2hhc2giOiIxMzc5Y2VlMzM3YjFiN2MyYzYxNjYyOGJkOWM1M2U5Mjg1MTM0NDMwIn0=	2016-09-09 18:44:14.065567+03
zwqyvyjudv82lm5ulxyvqarv3uxeagrs	ZjY0ZmFjNzYwZjJhNGEwZGNmZDc3ZjJlMDdiZGUyYmY0NTgyZWM4NDp7Il9hdXRoX3VzZXJfaWQiOiIxIiwiX2F1dGhfdXNlcl9oYXNoIjoiMTM3OWNlZTMzN2IxYjdjMmM2MTY2MjhiZDljNTNlOTI4NTEzNDQzMCIsIl9hdXRoX3VzZXJfYmFja2VuZCI6ImRqYW5nby5jb250cmliLmF1dGguYmFja2VuZHMuTW9kZWxCYWNrZW5kIn0=	2016-09-10 18:09:40.28494+03
\.


--
-- Name: articles_article_pkey; Type: CONSTRAINT; Schema: public; Owner: sashko; Tablespace: 
--

ALTER TABLE ONLY articles_article
    ADD CONSTRAINT articles_article_pkey PRIMARY KEY (id);


--
-- Name: articles_attribute_pkey; Type: CONSTRAINT; Schema: public; Owner: sashko; Tablespace: 
--

ALTER TABLE ONLY articles_attribute
    ADD CONSTRAINT articles_attribute_pkey PRIMARY KEY (id);


--
-- Name: articles_experiment_microarrays_experiment_id_85f591ed_uniq; Type: CONSTRAINT; Schema: public; Owner: sashko; Tablespace: 
--

ALTER TABLE ONLY articles_experiment_microarrays
    ADD CONSTRAINT articles_experiment_microarrays_experiment_id_85f591ed_uniq UNIQUE (experiment_id, microarray_id);


--
-- Name: articles_experiment_microarrays_pkey; Type: CONSTRAINT; Schema: public; Owner: sashko; Tablespace: 
--

ALTER TABLE ONLY articles_experiment_microarrays
    ADD CONSTRAINT articles_experiment_microarrays_pkey PRIMARY KEY (id);


--
-- Name: articles_experiment_pkey; Type: CONSTRAINT; Schema: public; Owner: sashko; Tablespace: 
--

ALTER TABLE ONLY articles_experiment
    ADD CONSTRAINT articles_experiment_pkey PRIMARY KEY (id);


--
-- Name: articles_microarray_pkey; Type: CONSTRAINT; Schema: public; Owner: sashko; Tablespace: 
--

ALTER TABLE ONLY articles_microarray
    ADD CONSTRAINT articles_microarray_pkey PRIMARY KEY (id);


--
-- Name: articles_sample_pkey; Type: CONSTRAINT; Schema: public; Owner: sashko; Tablespace: 
--

ALTER TABLE ONLY articles_sample
    ADD CONSTRAINT articles_sample_pkey PRIMARY KEY (id);


--
-- Name: auth_group_name_key; Type: CONSTRAINT; Schema: public; Owner: sashko; Tablespace: 
--

ALTER TABLE ONLY auth_group
    ADD CONSTRAINT auth_group_name_key UNIQUE (name);


--
-- Name: auth_group_permissions_group_id_0cd325b0_uniq; Type: CONSTRAINT; Schema: public; Owner: sashko; Tablespace: 
--

ALTER TABLE ONLY auth_group_permissions
    ADD CONSTRAINT auth_group_permissions_group_id_0cd325b0_uniq UNIQUE (group_id, permission_id);


--
-- Name: auth_group_permissions_pkey; Type: CONSTRAINT; Schema: public; Owner: sashko; Tablespace: 
--

ALTER TABLE ONLY auth_group_permissions
    ADD CONSTRAINT auth_group_permissions_pkey PRIMARY KEY (id);


--
-- Name: auth_group_pkey; Type: CONSTRAINT; Schema: public; Owner: sashko; Tablespace: 
--

ALTER TABLE ONLY auth_group
    ADD CONSTRAINT auth_group_pkey PRIMARY KEY (id);


--
-- Name: auth_permission_content_type_id_01ab375a_uniq; Type: CONSTRAINT; Schema: public; Owner: sashko; Tablespace: 
--

ALTER TABLE ONLY auth_permission
    ADD CONSTRAINT auth_permission_content_type_id_01ab375a_uniq UNIQUE (content_type_id, codename);


--
-- Name: auth_permission_pkey; Type: CONSTRAINT; Schema: public; Owner: sashko; Tablespace: 
--

ALTER TABLE ONLY auth_permission
    ADD CONSTRAINT auth_permission_pkey PRIMARY KEY (id);


--
-- Name: auth_user_groups_pkey; Type: CONSTRAINT; Schema: public; Owner: sashko; Tablespace: 
--

ALTER TABLE ONLY auth_user_groups
    ADD CONSTRAINT auth_user_groups_pkey PRIMARY KEY (id);


--
-- Name: auth_user_groups_user_id_94350c0c_uniq; Type: CONSTRAINT; Schema: public; Owner: sashko; Tablespace: 
--

ALTER TABLE ONLY auth_user_groups
    ADD CONSTRAINT auth_user_groups_user_id_94350c0c_uniq UNIQUE (user_id, group_id);


--
-- Name: auth_user_pkey; Type: CONSTRAINT; Schema: public; Owner: sashko; Tablespace: 
--

ALTER TABLE ONLY auth_user
    ADD CONSTRAINT auth_user_pkey PRIMARY KEY (id);


--
-- Name: auth_user_user_permissions_pkey; Type: CONSTRAINT; Schema: public; Owner: sashko; Tablespace: 
--

ALTER TABLE ONLY auth_user_user_permissions
    ADD CONSTRAINT auth_user_user_permissions_pkey PRIMARY KEY (id);


--
-- Name: auth_user_user_permissions_user_id_14a6b632_uniq; Type: CONSTRAINT; Schema: public; Owner: sashko; Tablespace: 
--

ALTER TABLE ONLY auth_user_user_permissions
    ADD CONSTRAINT auth_user_user_permissions_user_id_14a6b632_uniq UNIQUE (user_id, permission_id);


--
-- Name: auth_user_username_key; Type: CONSTRAINT; Schema: public; Owner: sashko; Tablespace: 
--

ALTER TABLE ONLY auth_user
    ADD CONSTRAINT auth_user_username_key UNIQUE (username);


--
-- Name: django_admin_log_pkey; Type: CONSTRAINT; Schema: public; Owner: sashko; Tablespace: 
--

ALTER TABLE ONLY django_admin_log
    ADD CONSTRAINT django_admin_log_pkey PRIMARY KEY (id);


--
-- Name: django_content_type_app_label_76bd3d3b_uniq; Type: CONSTRAINT; Schema: public; Owner: sashko; Tablespace: 
--

ALTER TABLE ONLY django_content_type
    ADD CONSTRAINT django_content_type_app_label_76bd3d3b_uniq UNIQUE (app_label, model);


--
-- Name: django_content_type_pkey; Type: CONSTRAINT; Schema: public; Owner: sashko; Tablespace: 
--

ALTER TABLE ONLY django_content_type
    ADD CONSTRAINT django_content_type_pkey PRIMARY KEY (id);


--
-- Name: django_migrations_pkey; Type: CONSTRAINT; Schema: public; Owner: sashko; Tablespace: 
--

ALTER TABLE ONLY django_migrations
    ADD CONSTRAINT django_migrations_pkey PRIMARY KEY (id);


--
-- Name: django_session_pkey; Type: CONSTRAINT; Schema: public; Owner: sashko; Tablespace: 
--

ALTER TABLE ONLY django_session
    ADD CONSTRAINT django_session_pkey PRIMARY KEY (session_key);


--
-- Name: articles_attribute_a00c1b00; Type: INDEX; Schema: public; Owner: sashko; Tablespace: 
--

CREATE INDEX articles_attribute_a00c1b00 ON articles_attribute USING btree (article_id);


--
-- Name: articles_experiment_8d777f38; Type: INDEX; Schema: public; Owner: sashko; Tablespace: 
--

CREATE INDEX articles_experiment_8d777f38 ON articles_experiment USING btree (data);


--
-- Name: articles_experiment_microarrays_70488be9; Type: INDEX; Schema: public; Owner: sashko; Tablespace: 
--

CREATE INDEX articles_experiment_microarrays_70488be9 ON articles_experiment_microarrays USING btree (microarray_id);


--
-- Name: articles_experiment_microarrays_abd1812d; Type: INDEX; Schema: public; Owner: sashko; Tablespace: 
--

CREATE INDEX articles_experiment_microarrays_abd1812d ON articles_experiment_microarrays USING btree (experiment_id);


--
-- Name: articles_microarray_8d777f38; Type: INDEX; Schema: public; Owner: sashko; Tablespace: 
--

CREATE INDEX articles_microarray_8d777f38 ON articles_microarray USING btree (data);


--
-- Name: articles_sample_8d777f38; Type: INDEX; Schema: public; Owner: sashko; Tablespace: 
--

CREATE INDEX articles_sample_8d777f38 ON articles_sample USING btree (data);


--
-- Name: articles_sample_abd1812d; Type: INDEX; Schema: public; Owner: sashko; Tablespace: 
--

CREATE INDEX articles_sample_abd1812d ON articles_sample USING btree (experiment_id);


--
-- Name: auth_group_name_a6ea08ec_like; Type: INDEX; Schema: public; Owner: sashko; Tablespace: 
--

CREATE INDEX auth_group_name_a6ea08ec_like ON auth_group USING btree (name varchar_pattern_ops);


--
-- Name: auth_group_permissions_0e939a4f; Type: INDEX; Schema: public; Owner: sashko; Tablespace: 
--

CREATE INDEX auth_group_permissions_0e939a4f ON auth_group_permissions USING btree (group_id);


--
-- Name: auth_group_permissions_8373b171; Type: INDEX; Schema: public; Owner: sashko; Tablespace: 
--

CREATE INDEX auth_group_permissions_8373b171 ON auth_group_permissions USING btree (permission_id);


--
-- Name: auth_permission_417f1b1c; Type: INDEX; Schema: public; Owner: sashko; Tablespace: 
--

CREATE INDEX auth_permission_417f1b1c ON auth_permission USING btree (content_type_id);


--
-- Name: auth_user_groups_0e939a4f; Type: INDEX; Schema: public; Owner: sashko; Tablespace: 
--

CREATE INDEX auth_user_groups_0e939a4f ON auth_user_groups USING btree (group_id);


--
-- Name: auth_user_groups_e8701ad4; Type: INDEX; Schema: public; Owner: sashko; Tablespace: 
--

CREATE INDEX auth_user_groups_e8701ad4 ON auth_user_groups USING btree (user_id);


--
-- Name: auth_user_user_permissions_8373b171; Type: INDEX; Schema: public; Owner: sashko; Tablespace: 
--

CREATE INDEX auth_user_user_permissions_8373b171 ON auth_user_user_permissions USING btree (permission_id);


--
-- Name: auth_user_user_permissions_e8701ad4; Type: INDEX; Schema: public; Owner: sashko; Tablespace: 
--

CREATE INDEX auth_user_user_permissions_e8701ad4 ON auth_user_user_permissions USING btree (user_id);


--
-- Name: auth_user_username_6821ab7c_like; Type: INDEX; Schema: public; Owner: sashko; Tablespace: 
--

CREATE INDEX auth_user_username_6821ab7c_like ON auth_user USING btree (username varchar_pattern_ops);


--
-- Name: django_admin_log_417f1b1c; Type: INDEX; Schema: public; Owner: sashko; Tablespace: 
--

CREATE INDEX django_admin_log_417f1b1c ON django_admin_log USING btree (content_type_id);


--
-- Name: django_admin_log_e8701ad4; Type: INDEX; Schema: public; Owner: sashko; Tablespace: 
--

CREATE INDEX django_admin_log_e8701ad4 ON django_admin_log USING btree (user_id);


--
-- Name: django_session_de54fa62; Type: INDEX; Schema: public; Owner: sashko; Tablespace: 
--

CREATE INDEX django_session_de54fa62 ON django_session USING btree (expire_date);


--
-- Name: django_session_session_key_c0390e0f_like; Type: INDEX; Schema: public; Owner: sashko; Tablespace: 
--

CREATE INDEX django_session_session_key_c0390e0f_like ON django_session USING btree (session_key varchar_pattern_ops);


--
-- Name: articles_attribute_article_id_a825d661_fk_articles_article_id; Type: FK CONSTRAINT; Schema: public; Owner: sashko
--

ALTER TABLE ONLY articles_attribute
    ADD CONSTRAINT articles_attribute_article_id_a825d661_fk_articles_article_id FOREIGN KEY (article_id) REFERENCES articles_article(id) DEFERRABLE INITIALLY DEFERRED;


--
-- Name: articles_exper_experiment_id_15e603ff_fk_articles_experiment_id; Type: FK CONSTRAINT; Schema: public; Owner: sashko
--

ALTER TABLE ONLY articles_experiment_microarrays
    ADD CONSTRAINT articles_exper_experiment_id_15e603ff_fk_articles_experiment_id FOREIGN KEY (experiment_id) REFERENCES articles_experiment(id) DEFERRABLE INITIALLY DEFERRED;


--
-- Name: articles_exper_microarray_id_9b6e7108_fk_articles_microarray_id; Type: FK CONSTRAINT; Schema: public; Owner: sashko
--

ALTER TABLE ONLY articles_experiment_microarrays
    ADD CONSTRAINT articles_exper_microarray_id_9b6e7108_fk_articles_microarray_id FOREIGN KEY (microarray_id) REFERENCES articles_microarray(id) DEFERRABLE INITIALLY DEFERRED;


--
-- Name: articles_sampl_experiment_id_01b8eed1_fk_articles_experiment_id; Type: FK CONSTRAINT; Schema: public; Owner: sashko
--

ALTER TABLE ONLY articles_sample
    ADD CONSTRAINT articles_sampl_experiment_id_01b8eed1_fk_articles_experiment_id FOREIGN KEY (experiment_id) REFERENCES articles_experiment(id) DEFERRABLE INITIALLY DEFERRED;


--
-- Name: auth_group_permiss_permission_id_84c5c92e_fk_auth_permission_id; Type: FK CONSTRAINT; Schema: public; Owner: sashko
--

ALTER TABLE ONLY auth_group_permissions
    ADD CONSTRAINT auth_group_permiss_permission_id_84c5c92e_fk_auth_permission_id FOREIGN KEY (permission_id) REFERENCES auth_permission(id) DEFERRABLE INITIALLY DEFERRED;


--
-- Name: auth_group_permissions_group_id_b120cbf9_fk_auth_group_id; Type: FK CONSTRAINT; Schema: public; Owner: sashko
--

ALTER TABLE ONLY auth_group_permissions
    ADD CONSTRAINT auth_group_permissions_group_id_b120cbf9_fk_auth_group_id FOREIGN KEY (group_id) REFERENCES auth_group(id) DEFERRABLE INITIALLY DEFERRED;


--
-- Name: auth_permiss_content_type_id_2f476e4b_fk_django_content_type_id; Type: FK CONSTRAINT; Schema: public; Owner: sashko
--

ALTER TABLE ONLY auth_permission
    ADD CONSTRAINT auth_permiss_content_type_id_2f476e4b_fk_django_content_type_id FOREIGN KEY (content_type_id) REFERENCES django_content_type(id) DEFERRABLE INITIALLY DEFERRED;


--
-- Name: auth_user_groups_group_id_97559544_fk_auth_group_id; Type: FK CONSTRAINT; Schema: public; Owner: sashko
--

ALTER TABLE ONLY auth_user_groups
    ADD CONSTRAINT auth_user_groups_group_id_97559544_fk_auth_group_id FOREIGN KEY (group_id) REFERENCES auth_group(id) DEFERRABLE INITIALLY DEFERRED;


--
-- Name: auth_user_groups_user_id_6a12ed8b_fk_auth_user_id; Type: FK CONSTRAINT; Schema: public; Owner: sashko
--

ALTER TABLE ONLY auth_user_groups
    ADD CONSTRAINT auth_user_groups_user_id_6a12ed8b_fk_auth_user_id FOREIGN KEY (user_id) REFERENCES auth_user(id) DEFERRABLE INITIALLY DEFERRED;


--
-- Name: auth_user_user_per_permission_id_1fbb5f2c_fk_auth_permission_id; Type: FK CONSTRAINT; Schema: public; Owner: sashko
--

ALTER TABLE ONLY auth_user_user_permissions
    ADD CONSTRAINT auth_user_user_per_permission_id_1fbb5f2c_fk_auth_permission_id FOREIGN KEY (permission_id) REFERENCES auth_permission(id) DEFERRABLE INITIALLY DEFERRED;


--
-- Name: auth_user_user_permissions_user_id_a95ead1b_fk_auth_user_id; Type: FK CONSTRAINT; Schema: public; Owner: sashko
--

ALTER TABLE ONLY auth_user_user_permissions
    ADD CONSTRAINT auth_user_user_permissions_user_id_a95ead1b_fk_auth_user_id FOREIGN KEY (user_id) REFERENCES auth_user(id) DEFERRABLE INITIALLY DEFERRED;


--
-- Name: django_admin_content_type_id_c4bce8eb_fk_django_content_type_id; Type: FK CONSTRAINT; Schema: public; Owner: sashko
--

ALTER TABLE ONLY django_admin_log
    ADD CONSTRAINT django_admin_content_type_id_c4bce8eb_fk_django_content_type_id FOREIGN KEY (content_type_id) REFERENCES django_content_type(id) DEFERRABLE INITIALLY DEFERRED;


--
-- Name: django_admin_log_user_id_c564eba6_fk_auth_user_id; Type: FK CONSTRAINT; Schema: public; Owner: sashko
--

ALTER TABLE ONLY django_admin_log
    ADD CONSTRAINT django_admin_log_user_id_c564eba6_fk_auth_user_id FOREIGN KEY (user_id) REFERENCES auth_user(id) DEFERRABLE INITIALLY DEFERRED;


--
-- Name: public; Type: ACL; Schema: -; Owner: postgres
--

REVOKE ALL ON SCHEMA public FROM PUBLIC;
REVOKE ALL ON SCHEMA public FROM postgres;
GRANT ALL ON SCHEMA public TO postgres;
GRANT ALL ON SCHEMA public TO PUBLIC;


--
-- PostgreSQL database dump complete
--

